<favourites>
    <favourite name="[COLOR yellow][B]SportsDevil[/B][COLOR red] se requiere para estas corrientas para trabajar, si no trabajan clic aquí.[/COLOR][/COLOR]" thumb="/Users/Speedy0469/Library/Application Support/Kodi/addons/plugin.video.SportsDevil/icon.png">ActivateWindow(10025,&quot;plugin://plugin.video.SportsDevil/&quot;,return)</favourite>
    
    <favourite name="[COLOR yellow][B]SportsDevil[/B][COLOR red] is required for these streams to work, if they dont work click here.[/COLOR][/COLOR]" thumb="/Users/Speedy0469/Library/Application Support/Kodi/addons/plugin.video.SportsDevil/icon.png">ActivateWindow(10025,&quot;plugin://plugin.video.SportsDevil/&quot;,return)</favourite>
    
<favourite name="[COLOR red]                [/COLOR]"</favourite>
<favourite name="[COLOR red]                [/COLOR]"</favourite>

<favourite name="[COLOR red]Axn[COLOR yellow]-(SportsDevil)[/COLOR][/COLOR]">PlayMedia(&quot;plugin://plugin.video.adryanlist/?url=plugin%3A%2F%2Fplugin.video.SportsDevil%2F%3Fmode%3D1%26amp%3Bitem%3Dcatcher%253dstreams%2526url%3Dhttp%3A%2F%2Fwww.zandortv.com%2F2013%2F04%2Faxn-en-vivo-por-internet.html%2526referer%3Dhttp%3A%2F%2Fwww.zandortv.com%2F&amp;mode=12&quot;)</favourite>
<favourite name="[COLOR red]Axn[COLOR yellow]-(SportsDevil)[/COLOR][/COLOR]">PlayMedia(&quot;plugin://plugin.video.adryanlist/?url=plugin%3A%2F%2Fplugin.video.SportsDevil%2F%3Fmode%3D1%26amp%3Bitem%3Dcatcher%253dstreams%2526url%3Dhttp%3A%2F%2Fcinestrenostv.tv%2Fcanales%2Faxn.html%2526referer%3Dhttp%3A%2F%2Fcinestrenostv.tv%2F&amp;mode=12&quot;)</favourite>
<favourite name="[COLOR red]Boomerang (SportsDevil)[COLOR yellow]-(SportsDevil)[/COLOR][/COLOR]">PlayMedia(&quot;plugin://plugin.video.adryanlist/?url=plugin%3A%2F%2Fplugin.video.SportsDevil%2F%3Fmode%3D1%26amp%3Bitem%3Dcatcher%253dstreams%2526url%3Dhttp%3A%2F%2Fwww.fulltelevisionhd.net%2F2014%2F09%2Fboomerang-en-vivo-por-internet.html%2526referer%3Dhttp%3A%2F%2Fwww.fulltelevisionhd.net&amp;mode=12&quot;)</favourite>
<favourite name="[COLOR red]Cartoon Network Latino[COLOR yellow]-(SportsDevil)[/COLOR][/COLOR]">PlayMedia(&quot;plugin://plugin.video.adryanlist/?url=plugin%3A%2F%2Fplugin.video.SportsDevil%2F%3Fmode%3D1%26amp%3Bitem%3Dcatcher%253dstreams%2526url%3Dhttp%3A%2F%2Fwww.zandortv.com%2F2013%2F04%2Fcartoon-network-en-vivo-por-internet.html%2526referer%3Dhttp%3A%2F%2Fwww.zandortv.com%2F&amp;mode=12&quot;)</favourite>
<favourite name="[COLOR red]DISCOVERY en Español (SportsDevil)[COLOR yellow]-(SportsDevil)[/COLOR][/COLOR]">PlayMedia(&quot;plugin://plugin.video.adryanlist/?url=plugin%3A%2F%2Fplugin.video.SportsDevil%2F%3Fmode%3D1%26amp%3Bitem%3Dcatcher%253dstreams%2526url%3Dhttp%3A%2F%2Fwww.fulltelevisionhd.net%2F2013%2F02%2Fdiscovery-channel-en-vivo-por-internet.html%2526referer%3Dhttp%3A%2F%2Fwww.fulltelevisionhd.net&amp;mode=12&quot;)</favourite>
<favourite name="[COLOR red]disney channel[COLOR yellow]-(SportsDevil)[/COLOR][/COLOR]">PlayMedia(&quot;plugin://plugin.video.adryanlist/?url=plugin%3A%2F%2Fplugin.video.SportsDevil%2F%3Fmode%3D1%26amp%3Bitem%3Dcatcher%253dstreams%2526url%3Dhttp%3A%2F%2Fwww.zandortv.com%2F2013%2F04%2Fdisney-channel-en-vivo-por-internet.html%2526referer%3Dhttp%3A%2F%2Fwww.zandortv.com%2F&amp;mode=12&quot;)</favourite>
<favourite name="[COLOR red]disney XD[COLOR yellow]-(SportsDevil)[/COLOR][/COLOR]">PlayMedia(&quot;plugin://plugin.video.adryanlist/?url=plugin%3A%2F%2Fplugin.video.SportsDevil%2F%3Fmode%3D1%26amp%3Bitem%3Dcatcher%253dstreams%2526url%3Dhttp%3A%2F%2Fcanales.tutv-porinternet.com%2Fdisneyxd.html%2526referer%3Dhttp%3A%2F%2Fcanales.tutv-porinternet.com%2F&amp;mode=12&quot;)</favourite>
<favourite name="[COLOR red]FOX[COLOR yellow]-(SportsDevil)[/COLOR][/COLOR]">PlayMedia(&quot;plugin://plugin.video.adryanlist/?url=plugin%3A%2F%2Fplugin.video.SportsDevil%2F%3Fmode%3D1%26amp%3Bitem%3Dcatcher%253dstreams%2526url%3Dhttp%3A%2F%2Fcinestrenostv.tv%2Fcanales%2Ffox.html%2526referer%3Dhttp%3A%2F%2Fcinestrenostv.tv%2F&amp;mode=12&quot;)</favourite>
<favourite name="[COLOR red]Fox HD[COLOR yellow]-(SportsDevil)[/COLOR][/COLOR]">PlayMedia(&quot;plugin://plugin.video.adryanlist/?url=plugin%3A%2F%2Fplugin.video.SportsDevil%2F%3Fmode%3D1%26amp%3Bitem%3Dcatcher%253dstreams%2526url%3Dhttp%3A%2F%2Fwww.sintelevisor.com%2Ftv%2Ffox.html%2526referer%3Dhttp%3A%2F%2Fwww.sintelevisor.com%2F&amp;mode=12&quot;)</favourite>
<favourite name="[COLOR red]Fx[COLOR yellow]-(SportsDevil)[/COLOR][/COLOR]">PlayMedia(&quot;plugin://plugin.video.adryanlist/?url=plugin%3A%2F%2Fplugin.video.SportsDevil%2F%3Fmode%3D1%26amp%3Bitem%3Dcatcher%253dstreams%2526url%3Dhttp%3A%2F%2Fwww.zandortv.com%2F2013%2F04%2Ffx-en-vivo-por-internet.html%2526referer%3Dhttp%3A%2F%2Fwww.zandortv.com%2F&amp;mode=12&quot;)</favourite>
<favourite name="[COLOR red]HBO[COLOR yellow]-(SportsDevil)[/COLOR][/COLOR]">PlayMedia(&quot;plugin://plugin.video.adryanlist/?url=plugin%3A%2F%2Fplugin.video.SportsDevil%2F%3Fmode%3D1%26amp%3Bitem%3Dcatcher%253dstreams%2526url%3Dhttp%3A%2F%2Fcanales.tutv-porinternet.com%2Fhbo.html%2526referer%3Dhttp%3A%2F%2Fcanales.tutv-porinternet.com%2F&amp;mode=12&quot;)</favourite>
<favourite name="[COLOR red]HBO Plus[COLOR yellow]-(SportsDevil)[/COLOR][/COLOR]">PlayMedia(&quot;plugin://plugin.video.adryanlist/?url=plugin%3A%2F%2Fplugin.video.SportsDevil%2F%3Fmode%3D1%26amp%3Bitem%3Dcatcher%253dstreams%2526url%3Dhttp%3A%2F%2Fwww.zandortv.com%2F2013%2F04%2Fhbo-plus-en-vivo-por-internet.html%2526referer%3Dhttp%3A%2F%2Fwww.zandortv.com%2F&amp;mode=12&quot;)</favourite>
<favourite name="[COLOR red]HBO2[COLOR yellow]-(SportsDevil)[/COLOR][/COLOR]">PlayMedia(&quot;plugin://plugin.video.adryanlist/?url=plugin%3A%2F%2Fplugin.video.SportsDevil%2F%3Fmode%3D1%26amp%3Bitem%3Dcatcher%253dstreams%2526url%3Dhttp%3A%2F%2Fcanales.tutv-porinternet.com%2Fhbo2.html%2526referer%3Dhttp%3A%2F%2Fcanales.tutv-porinternet.com%2F&amp;mode=12&quot;)</favourite>
<favourite name="[COLOR red]MAX Prime[COLOR yellow]-(SportsDevil)[/COLOR][/COLOR]">PlayMedia(&quot;plugin://plugin.video.adryanlist/?url=plugin%3A%2F%2Fplugin.video.SportsDevil%2F%3Fmode%3D1%26amp%3Bitem%3Dcatcher%253dstreams%2526url%3Dhttp%3A%2F%2Fcanales.tutv-porinternet.com%2Fmaxprime.html%2526referer%3Dhttp%3A%2F%2Fcanales.tutv-porinternet.com%2F&amp;mode=12&quot;)</favourite>
<favourite name="[COLOR red]mundo fox[COLOR yellow]-(SportsDevil)[/COLOR][/COLOR]">PlayMedia(&quot;plugin://plugin.video.adryanlist/?url=plugin%3A%2F%2Fplugin.video.SportsDevil%2F%3Fmode%3D1%26amp%3Bitem%3Dcatcher%253dstreams%2526url%3Dhttp%3A%2F%2Fcanales.tutv-porinternet.com%2Fmundofox.html%2526referer%3Dhttp%3A%2F%2Fcanales.tutv-porinternet.com%2F&amp;mode=12&quot;)</favourite>
<favourite name="[COLOR red]POP TV - Uruguay[COLOR yellow]-(SportsDevil)[/COLOR][/COLOR]">PlayMedia(&quot;plugin://plugin.video.adryanlist/?url=plugin%3A%2F%2Fplugin.video.SportsDevil%2F%3Fmode%3D1%26amp%3Bitem%3Dcatcher%253dstreams%2526url%3Dhttp%3A%2F%2Flivestream.com%2Faccounts%2F6092655%2Fevents%2F4012368%2Fplayer%2526referer%3Dhttp%3A%2F%2Flivestream.com&amp;mode=12&quot;)</favourite>
<favourite name="[COLOR red]RCN Novelas[COLOR yellow]-(SportsDevil)[/COLOR][/COLOR]">PlayMedia(&quot;plugin://plugin.video.adryanlist/?url=plugin%3A%2F%2Fplugin.video.SportsDevil%2F%3Fmode%3D1%26amp%3Bitem%3Dcatcher%253dstreams%2526url%3Dhttp%3A%2F%2Fwww.carteltv.net%2Fcanal_rcn.html%2526referer%3Dhttp%3A%2F%2Fwww.carteltv.net%2F&amp;mode=12&quot;)</favourite>
<favourite name="[COLOR red]Sony[COLOR yellow]-(SportsDevil)[/COLOR][/COLOR]">PlayMedia(&quot;plugin://plugin.video.adryanlist/?url=plugin%3A%2F%2Fplugin.video.SportsDevil%2F%3Fmode%3D1%26amp%3Bitem%3Dcatcher%253dstreams%2526url%3Dhttp%3A%2F%2Fwww.elchoyerotv.com%2F2013%2F09%2Fsony-television-en-vivo-online.html%2526referer%3Dhttp%3A%2F%2Fwww.elchoyerotv.com%2F&amp;mode=12&quot;)</favourite>
<favourite name="[COLOR red]Space[COLOR yellow]-(SportsDevil)[/COLOR][/COLOR]">PlayMedia(&quot;plugin://plugin.video.adryanlist/?url=plugin%3A%2F%2Fplugin.video.SportsDevil%2F%3Fmode%3D1%26amp%3Bitem%3Dcatcher%253dstreams%2526url%3Dhttp%3A%2F%2Fwww.sintelevisor.com%2Ftv%2Fspace.html%2526referer%3Dhttp%3A%2F%2Fwww.sintelevisor.com%2F&amp;mode=12&quot;)</favourite>
<favourite name="[COLOR red]Telemundo [COLOR yellow]-(SportsDevil)[/COLOR][/COLOR]">PlayMedia(&quot;plugin://plugin.video.adryanlist/?url=plugin%3A%2F%2Fplugin.video.SportsDevil%2F%3Fmode%3D1%26amp%3Bitem%3Dcatcher%253dstreams%2526url%3Dhttp%3A%2F%2Fwww.zandortv.com%2F2013%2F04%2Ftelemundo-en-vivo-por-internet.html%2526referer%3Dhttp%3A%2F%2Fwww.zandortv.com%2F&amp;mode=12&quot;)</favourite>
<favourite name="[COLOR red]The Film Zone[COLOR yellow]-(SportsDevil)[/COLOR][/COLOR]">PlayMedia(&quot;plugin://plugin.video.adryanlist/?url=plugin%3A%2F%2Fplugin.video.SportsDevil%2F%3Fmode%3D1%26amp%3Bitem%3Dcatcher%253dstreams%2526url%3Dhttp%3A%2F%2Fwww.sintelevisor.com%2Ftv%2Ffilmzone.html%2526referer%3Dhttp%3A%2F%2Fwww.sintelevisor.com%2F&amp;mode=12&quot;)</favourite>
<favourite name="[COLOR red]tnt[COLOR yellow]-(SportsDevil)[/COLOR][/COLOR]">PlayMedia(&quot;plugin://plugin.video.adryanlist/?url=plugin%3A%2F%2Fplugin.video.SportsDevil%2F%3Fmode%3D1%26amp%3Bitem%3Dcatcher%253dstreams%2526url%3Dhttp%3A%2F%2Fcinestrenostv.tv%2Fcanales%2Fnacionales%2Ftnt.php%2526referer%3Dhttp%3A%2F%2Fcinestrenostv.tv%2F&amp;mode=12&quot;)</favourite>
<favourite name="[COLOR red]TNT[COLOR yellow]-(SportsDevil)[/COLOR][/COLOR]">PlayMedia(&quot;plugin://plugin.video.adryanlist/?url=plugin%3A%2F%2Fplugin.video.SportsDevil%2F%3Fmode%3D1%26amp%3Bitem%3Dcatcher%253dstreams%2526url%3Dhttp%3A%2F%2Fwww.zandortv.com%2F2013%2F04%2Ftnt-en-vivo-por-internet.html%2526referer%3Dhttp%3A%2F%2Fwww.zandortv.com%2F&amp;mode=12&quot;)</favourite>
<favourite name="[COLOR red]tooncast[COLOR yellow]-(SportsDevil)[/COLOR][/COLOR]">PlayMedia(&quot;plugin://plugin.video.adryanlist/?url=plugin%3A%2F%2Fplugin.video.SportsDevil%2F%3Fmode%3D1%26amp%3Bitem%3Dcatcher%253dstreams%2526url%3Dhttp%3A%2F%2Fcanales.tutv-porinternet.com%2Ftooncast.html%2526referer%3Dhttp%3A%2F%2Fcanales.tutv-porinternet.com%2F&amp;mode=12&quot;)</favourite>
<favourite name="[COLOR red]Unimas[COLOR yellow]-(SportsDevil)[/COLOR][/COLOR]">PlayMedia(&quot;plugin://plugin.video.adryanlist/?url=plugin%3A%2F%2Fplugin.video.SportsDevil%2F%3Fmode%3D1%26amp%3Bitem%3Dcatcher%253dstreams%2526url%3Dhttp%3A%2F%2Fvaughnlive.tv%2Funimas17%2526referer%3Dhttp%3A%2F%2Fvaughnlive.tv%2F&amp;mode=12&quot;)</favourite>
<favourite name="[COLOR red]Universal Channel[COLOR yellow]-(SportsDevil)[/COLOR][/COLOR]">PlayMedia(&quot;plugin://plugin.video.adryanlist/?url=plugin%3A%2F%2Fplugin.video.SportsDevil%2F%3Fmode%3D1%26amp%3Bitem%3Dcatcher%253dstreams%2526url%3Dhttp%3A%2F%2Fwww.zandortv.com%2F2013%2F04%2Funiversal-channel-en-vivo-por-internet.html%2526referer%3Dhttp%3A%2F%2Fwww.zandortv.com%2F&amp;mode=12&quot;)</favourite>
<favourite name="[COLOR red]Univision[COLOR yellow]-(SportsDevil)[/COLOR][/COLOR]">PlayMedia(&quot;plugin://plugin.video.adryanlist/?url=plugin%3A%2F%2Fplugin.video.SportsDevil%2F%3Fmode%3D1%26amp%3Bitem%3Dcatcher%253dstreams%2526url%3Dhttp%3A%2F%2Fvaughnlive.tv%2Funivision_hd32%2526referer%3Dhttp%3A%2F%2Fvaughnlive.tv%2F&amp;mode=12&quot;)</favourite>
<favourite name="[COLOR red]Univision[COLOR yellow]-(SportsDevil)[/COLOR][/COLOR]">PlayMedia(&quot;plugin://plugin.video.adryanlist/?url=plugin%3A%2F%2Fplugin.video.SportsDevil%2F%3Fmode%3D1%26amp%3Bitem%3Dcatcher%253dstreams%2526url%3Dhttp%3A%2F%2Fcanales.tutv-porinternet.com%2Funivisionhd.html%2526referer%3Dhttp%3A%2F%2Fcanales.tutv-porinternet.com%2F&amp;mode=12&quot;)</favourite>
<favourite name="[COLOR red]Warner Channel[COLOR yellow]-(SportsDevil)[/COLOR][/COLOR]">PlayMedia(&quot;plugin://plugin.video.adryanlist/?url=plugin%3A%2F%2Fplugin.video.SportsDevil%2F%3Fmode%3D1%26amp%3Bitem%3Dcatcher%253dstreams%2526url%3Dhttp%3A%2F%2Fcanales.tutv-porinternet.com%2Fwarner.html%2526referer%3Dhttp%3A%2F%2Fcanales.tutv-porinternet.com%2F&amp;mode=12&quot;)</favourite>







</favourites>