<favourites>
<favourite name="[COLOR yellow][B].F.U.B.A.R.(English)[/B][COLOR red] is required for these streams to work.[/COLOR][/COLOR]" thumb="">ActivateWindow(10025,&quot;plugin://plugin.video.mdfubar/&quot;,return)</favourite>

<favourite name="[COLOR yellow][B].F.U.B.A.R.(English)[/B][COLOR red] se requiere para estas corrientas para trabajar.[/COLOR][/COLOR]" thumb="">ActivateWindow(10025,&quot;plugin://plugin.video.mdfubar/&quot;,return)</favourite>




<favourite name="[COLOR yellow][B]AdryanList(Espanol)[/B][COLOR red] se requiere para estas corrientas para trabajar.[/COLOR][/COLOR]" thumb="">ActivateWindow(10025,&quot;plugin://plugin.video.adryanlist/&quot;,return)</favourite>

<favourite name="[COLOR yellow][B]AdryanList(Espanol)[/B][COLOR red] is required for these streams to work.[/COLOR][/COLOR]" thumb="">ActivateWindow(10025,&quot;plugin://plugin.video.adryanlist/&quot;,return)</favourite>






<favourite name="[COLOR yellow][B]cCloud TV(English)[/B][COLOR red] is required for these streams to work.[/COLOR][/COLOR]" thumb="">ActivateWindow(10025,&quot;plugin://plugin.video.ccloudtv/&quot;,return)</favourite>
<favourite name="[COLOR yellow][B]cCloud TV(English)[/B][COLOR red] se requiere para estas corrientas para trabajar.[/COLOR][/COLOR]" thumb="">ActivateWindow(10025,&quot;plugin://plugin.video.ccloudtv/&quot;,return)</favourite>


<favourite name="[COLOR yellow][B]Channel Pear(English)[/B][COLOR red] is required for these streams to work.[/COLOR][/COLOR]" thumb="">ActivateWindow(10025,&quot;plugin://plugin.video.channelpear/&quot;,return)</favourite>
<favourite name="[COLOR yellow][B]Channel Pear(English)[/B][COLOR red] se requiere para estas corrientas para trabajar.[/COLOR][/COLOR]" thumb="">ActivateWindow(10025,&quot;plugin://plugin.video.channelpear/&quot;,return)</favourite>




<favourite name="[COLOR yellow][B]ChicagoIPTV(English)[/B][COLOR red] is required for these streams to work.[/COLOR][/COLOR]" thumb="">ActivateWindow(10025,&quot;plugin://plugin.video.ChicagoIPTV/&quot;,return)</favourite>
<favourite name="[COLOR yellow][B]ChicagoIPTV(English)[/B][COLOR red] se requiere para estas corrientas para trabajar.[/COLOR][/COLOR]" thumb="">ActivateWindow(10025,&quot;plugin://plugin.video.ChicagoIPTV/&quot;,return)</favourite>


<favourite name="[COLOR yellow][B]Gorilla Streams 2.0(English)[/B][COLOR red] is required for these streams to work.[/COLOR][/COLOR]" thumb="">ActivateWindow(10025,&quot;plugin://plugin.video.gorillastreams/&quot;,return)</favourite>

<favourite name="[COLOR yellow][B]Gorilla Streams 2.0(English)[/B][COLOR red] se requiere para estas corrientas para trabajar.[/COLOR][/COLOR]" thumb="">ActivateWindow(10025,&quot;plugin://plugin.video.gorillastreams/&quot;,return)</favourite>

<favourite name="[COLOR yellow][B]IsraeLive(English)[/B][COLOR red] is required for these streams to work.[/COLOR][/COLOR]" thumb="">ActivateWindow(10025,&quot;plugin://plugin.video.israelive/&quot;,return)</favourite>
<favourite name="[COLOR yellow][B]IsraeLive(English)[/B][COLOR red] se requiere para estas corrientas para trabajar.[/COLOR][/COLOR]" thumb="">ActivateWindow(10025,&quot;plugin://plugin.video.israelive/&quot;,return)</favourite>



<favourite name="[COLOR yellow][B]SeñalLatina(Espanol)[/B][COLOR red] se requiere para estas corrientas para trabajar.[/COLOR][/COLOR]" thumb="">ActivateWindow(10025,&quot;plugin://plugin.video.SLatina/&quot;,return)</favourite>

<favourite name="[COLOR yellow][B]SeñalLatina (Espanol)[/B][COLOR red] is required for these streams to work.[/COLOR][/COLOR]" thumb="">ActivateWindow(10025,&quot;plugin://plugin.video.SLatina/&quot;,return)</favourite>

<favourite name="[COLOR yellow][B]SportsDevil(English)[/B][COLOR red] is required for these streams to work.[/COLOR][/COLOR]" thumb="">ActivateWindow(10025,&quot;plugin://plugin.video.SportsDevil/&quot;,return)</favourite>
<favourite name="[COLOR yellow][B]SportsDevil(English)[/B][COLOR red] se requiere para estas corrientas para trabajar.[/COLOR][/COLOR]" thumb="">ActivateWindow(10025,&quot;plugin://plugin.video.SportsDevil/&quot;,return)</favourite>

<favourite name="[COLOR yellow][B]Zeus Video(English)[/B][COLOR red] is required for these streams to work.[/COLOR][/COLOR]" thumb="">ActivateWindow(10025,&quot;plugin://plugin.video.zeus/&quot;,return)</favourite>

<favourite name="[COLOR yellow][B]Zeus Video(English)[/B][COLOR red] se requiere para estas corrientas para trabajar.[/COLOR][/COLOR]" thumb="">ActivateWindow(10025,&quot;plugin://plugin.video.zeus/&quot;,return)</favourite>





</favourites>