<favourites>


<favourite name="[COLOR yellow][B]Zeus Video[/B][COLOR red] is required for these streams to work, if they dont work click here.[/B][COLOR yellow]-(Zeus Video)[/COLOR][/COLOR]" thumb="/Users/Speedy0469/Library/Application Support/Kodi/addons/plugin.video.zeus/icon.png">ActivateWindow(10025,&quot;plugin://plugin.video.zeus/&quot;,return)</favourite>

<favourite name="[COLOR yellow][B]Zeus Video[/B][COLOR red] se requiere para estas corrientas para trabajar, si no trabajan clic aquí.[/B][COLOR yellow]-(Zeus Video)[/COLOR][/COLOR]" thumb="/Users/Speedy0469/Library/Application Support/Kodi/addons/plugin.video.zeus/icon.png">ActivateWindow(10025,&quot;plugin://plugin.video.zeus/&quot;,return)</favourite>



<favourite name="[COLOR red]                [/COLOR]"</favourite>
<favourite name="[COLOR red]                [/COLOR]"</favourite>
<favourite name="[COLOR yellow][B]All Sports[/B][COLOR yellow]-(Zeus Video)[/COLOR][/COLOR]" thumb="http://s6.postimg.org/gqcz3ne01/All_Sports.png">ActivateWindow(10025,&quot;plugin://plugin.video.zeus/?description&amp;iconimage=http%3a%2f%2fs6.postimg.org%2fgqcz3ne01%2fAll_Sports.png&amp;mode=6&amp;name=%5bCOLOR%20white%5d%5bB%5dALL%20SPORT%5b%2fB%5d%5b%2fCOLOR%5d&amp;url=chin-sport&quot;,return)</favourite>
<favourite name="[COLOR yellow][B]Boxing[/B][COLOR yellow]-(Zeus Video)[/COLOR][/COLOR]" thumb="http://s6.postimg.org/rc0za0srl/boxing.png">ActivateWindow(10025,&quot;plugin://plugin.video.zeus/?description&amp;iconimage=http%3a%2f%2fs6.postimg.org%2frc0za0srl%2fboxing.png&amp;mode=6&amp;name=%5bCOLOR%20white%5dBOXING%5b%2fCOLOR%5d&amp;url=chin-boxingindex&quot;,return)</favourite>
<favourite name="[COLOR yellow][B]LIVE NEWS[/B][COLOR yellow]-(Zeus Video)[/COLOR][/COLOR]" thumb="http://s6.postimg.org/kc4jroza9/news.png">ActivateWindow(10025,&quot;plugin://plugin.video.zeus/?description&amp;iconimage=http%3a%2f%2fs6.postimg.org%2fkc4jroza9%2fnews.png&amp;mode=59&amp;name=%5bCOLOR%20white%5dLIVE%20NEWS%5b%2fCOLOR%5d&amp;url=https%3a%2f%2fwww.youtube.com%2fresults%3flclk%3dlive%26search_query%3dnews%26filters%3dlive&quot;,return)</favourite>
<favourite name="[COLOR yellow][B]MOVIE CHANNELS[/B][COLOR yellow]-(Zeus Video)[/COLOR][/COLOR]" thumb="http://s6.postimg.org/r3qdgsyw1/moviesstreams.png">ActivateWindow(10025,&quot;plugin://plugin.video.zeus/?description&amp;iconimage=http%3a%2f%2fs6.postimg.org%2fr3qdgsyw1%2fmoviesstreams.png&amp;mode=20&amp;name=%5bCOLOR%20white%5dMOVIE%20CHANNELS%5b%2fCOLOR%5d&amp;url=chin-moviestreams&quot;,return)</favourite>
<favourite name="[COLOR yellow][B]POPULAR CHANNELS[/B][COLOR yellow]-(Zeus Video)[/COLOR][/COLOR]" thumb="http://s6.postimg.org/wxrzrtiu9/featured.png">ActivateWindow(10025,&quot;plugin://plugin.video.zeus/?description&amp;iconimage=http%3a%2f%2fs6.postimg.org%2fwxrzrtiu9%2ffeatured.png&amp;mode=20&amp;name=%5bCOLOR%20white%5dPOPULAR%20CHANNELS%5b%2fCOLOR%5d&amp;url=chin-popular&quot;,return)</favourite>
<favourite name="[COLOR yellow][B]USA TV[/B][COLOR yellow]-(Zeus Video)[/COLOR][/COLOR]" thumb="http://s6.postimg.org/rmbccoq01/usaflag.png">ActivateWindow(10025,&quot;plugin://plugin.video.zeus/?description&amp;iconimage=http%3a%2f%2fs6.postimg.org%2frmbccoq01%2fusaflag.png&amp;mode=20&amp;name=%5bCOLOR%20white%5dUSA%20TV%5b%2fCOLOR%5d&amp;url=chin-tuxusa&quot;,return)</favourite>




</favourites>