<favourites>
    
    
  <favourite name="[COLOR yellow][B]IsraeLive[/B][COLOR red] is required for these streams to work, if they dont work click here.[/B][COLOR yellow]-(Zeus Video)[/COLOR][/COLOR]" thumb="/Users/Speedy0469/Library/Application Support/Kodi/addons/plugin.video.israelive/icon.png">ActivateWindow(10025,&quot;plugin://plugin.video.israelive/&quot;,return)</favourite>
   <favourite name="[COLOR yellow][B]IsraeLive[/B][COLOR red] se requiere para estas corrientas para trabajar, si no trabajan clic aquí.[/B][COLOR yellow]-(Zeus Video)[/COLOR][/COLOR]" thumb="/Users/Speedy0469/Library/Application Support/Kodi/addons/plugin.video.israelive/icon.png">ActivateWindow(10025,&quot;plugin://plugin.video.israelive/&quot;,return)</favourite>


<favourite name="[COLOR red]                [/COLOR]"</favourite>
<favourite name="[COLOR red]                [/COLOR]"</favourite>
    
    


</favourites>