<favourites>
<favourite name="[COLOR yellow][B].F.U.B.A.R.(English)[/B][COLOR red] is required for these streams to work.[/COLOR][/COLOR]" thumb="">ActivateWindow(10025,&quot;plugin://plugin.video.mdfubar/&quot;,return)</favourite>

<favourite name="[COLOR yellow][B].F.U.B.A.R.(English)[/B][COLOR red] se requiere para estas corrientas para trabajar.[/COLOR][/COLOR]" thumb="">ActivateWindow(10025,&quot;plugin://plugin.video.mdfubar/&quot;,return)</favourite>




<favourite name="[COLOR yellow][B]AdryanList(Espanol)[/B][COLOR red] se requiere para estas corrientas para trabajar.[/COLOR][/COLOR]" thumb="">ActivateWindow(10025,&quot;plugin://plugin.video.adryanlist/&quot;,return)</favourite>

<favourite name="[COLOR yellow][B]AdryanList(Espanol)[/B][COLOR red] is required for these streams to work.[/COLOR][/COLOR]" thumb="">ActivateWindow(10025,&quot;plugin://plugin.video.adryanlist/&quot;,return)</favourite>






<favourite name="[COLOR yellow][B]cCloud TV(English)[/B][COLOR red] is required for these streams to work.[/COLOR][/COLOR]" thumb="">ActivateWindow(10025,&quot;plugin://plugin.video.ccloudtv/&quot;,return)</favourite>
<favourite name="[COLOR yellow][B]cCloud TV(English)[/B][COLOR red] se requiere para estas corrientas para trabajar.[/COLOR][/COLOR]" thumb="">ActivateWindow(10025,&quot;plugin://plugin.video.ccloudtv/&quot;,return)</favourite>


<favourite name="[COLOR yellow][B]Channel Pear(English)[/B][COLOR red] is required for these streams to work.[/COLOR][/COLOR]" thumb="">ActivateWindow(10025,&quot;plugin://plugin.video.channelpear/&quot;,return)</favourite>
<favourite name="[COLOR yellow][B]Channel Pear(English)[/B][COLOR red] se requiere para estas corrientas para trabajar.[/COLOR][/COLOR]" thumb="">ActivateWindow(10025,&quot;plugin://plugin.video.channelpear/&quot;,return)</favourite>




<favourite name="[COLOR yellow][B]ChicagoIPTV(English)[/B][COLOR red] is required for these streams to work.[/COLOR][/COLOR]" thumb="">ActivateWindow(10025,&quot;plugin://plugin.video.ChicagoIPTV/&quot;,return)</favourite>
<favourite name="[COLOR yellow][B]ChicagoIPTV(English)[/B][COLOR red] se requiere para estas corrientas para trabajar.[/COLOR][/COLOR]" thumb="">ActivateWindow(10025,&quot;plugin://plugin.video.ChicagoIPTV/&quot;,return)</favourite>


<favourite name="[COLOR yellow][B]Gorilla Streams 2.0(English)[/B][COLOR red] is required for these streams to work.[/COLOR][/COLOR]" thumb="">ActivateWindow(10025,&quot;plugin://plugin.video.gorillastreams/&quot;,return)</favourite>

<favourite name="[COLOR yellow][B]Gorilla Streams 2.0(English)[/B][COLOR red] se requiere para estas corrientas para trabajar.[/COLOR][/COLOR]" thumb="">ActivateWindow(10025,&quot;plugin://plugin.video.gorillastreams/&quot;,return)</favourite>

<favourite name="[COLOR yellow][B]IsraeLive(English)[/B][COLOR red] is required for these streams to work.[/COLOR][/COLOR]" thumb="">ActivateWindow(10025,&quot;plugin://plugin.video.israelive/&quot;,return)</favourite>
<favourite name="[COLOR yellow][B]IsraeLive(English)[/B][COLOR red] se requiere para estas corrientas para trabajar.[/COLOR][/COLOR]" thumb="">ActivateWindow(10025,&quot;plugin://plugin.video.israelive/&quot;,return)</favourite>



<favourite name="[COLOR yellow][B]SeñalLatina(Espanol)[/B][COLOR red] se requiere para estas corrientas para trabajar.[/COLOR][/COLOR]" thumb="">ActivateWindow(10025,&quot;plugin://plugin.video.SLatina/&quot;,return)</favourite>

<favourite name="[COLOR yellow][B]SeñalLatina (Espanol)[/B][COLOR red] is required for these streams to work.[/COLOR][/COLOR]" thumb="">ActivateWindow(10025,&quot;plugin://plugin.video.SLatina/&quot;,return)</favourite>

<favourite name="[COLOR yellow][B]SportsDevil(English)[/B][COLOR red] is required for these streams to work.[/COLOR][/COLOR]" thumb="">ActivateWindow(10025,&quot;plugin://plugin.video.SportsDevil/&quot;,return)</favourite>
<favourite name="[COLOR yellow][B]SportsDevil(English)[/B][COLOR red] se requiere para estas corrientas para trabajar.[/COLOR][/COLOR]" thumb="">ActivateWindow(10025,&quot;plugin://plugin.video.SportsDevil/&quot;,return)</favourite>

<favourite name="[COLOR yellow][B]Zeus Video(English)[/B][COLOR red] is required for these streams to work.[/COLOR][/COLOR]" thumb="">ActivateWindow(10025,&quot;plugin://plugin.video.zeus/&quot;,return)</favourite>

<favourite name="[COLOR yellow][B]Zeus Video(English)[/B][COLOR red] se requiere para estas corrientas para trabajar.[/COLOR][/COLOR]" thumb="">ActivateWindow(10025,&quot;plugin://plugin.video.zeus/&quot;,return)</favourite>




<favourite name="[COLOR yellow][B]YULFIOSTV(Espanol)[/B][COLOR red] is required for these streams to work.[/COLOR][/COLOR]" thumb="">ActivateWindow(10025,&quot;plugin://plugin.video.Yulfiostv/&quot;,return)</favourite>

<favourite name="[COLOR yellow][B]YULFIOSTV(Espanol)[/B][COLOR red] se requiere para estas corrientas para trabajar.[/COLOR][/COLOR]" thumb="">ActivateWindow(10025,&quot;plugin://plugin.video.Yulfiostv/&quot;,return)</favourite>



<favourite name="[COLOR yellow][B]Mobdro(English)[/B][COLOR red] is required for these streams to work.[/COLOR][/COLOR]" thumb="">ActivateWindow(10025,&quot;plugin://plugin.video.mobdro/&quot;,return)</favourite>

<favourite name="[COLOR yellow][B]Mobdro(English)[/B][COLOR red] se requiere para estas corrientas para trabajar.[/COLOR][/COLOR]" thumb="">ActivateWindow(10025,&quot;plugin://plugin.video.mobdro/&quot;,return)</favourite>


<favourite name="[COLOR yellow][B]YULFIOSTV Mix List(Espanol)[/B][COLOR red] is required for these streams to work.[/COLOR][/COLOR]" thumb="">ActivateWindow(10025,&quot;plugin://plugin.video.Yulfiostv/?fanart=http%3a%2f%2fecuamensajes.com%2fwp-content%2fuploads%2f2013%2f03%2fcanales-cable.jpg&amp;mode=1&amp;name=%5bB%5d%5bCOLOR%20cornflowerblue%5d1.%20YULFIOSTV%20%5b%2fCOLOR%5d%5bCOLOR%20lime%5d%20MIX%20LIST%20%5b%2fCOLOR%5d%20%5b%2fB%5d&amp;url=https%3a%2f%2fgoogledrive.com%2fhost%2f0B0BObI90Md8oflQ2Y09BRFBhOWxsa29FcDRZVjRPOUhMQWoxU0RmYk0yM3NEZDByS1BMQlU%2f100MIXTURA.xml&quot;,return)</favourite>

<favourite name="[COLOR yellow][B]YULFIOSTV Mix List(Espanol)[/B][COLOR red] se requiere para estas corrientas para trabajar.[/COLOR][/COLOR]" thumb="">ActivateWindow(10025,&quot;plugin://plugin.video.Yulfiostv/?fanart=http%3a%2f%2fecuamensajes.com%2fwp-content%2fuploads%2f2013%2f03%2fcanales-cable.jpg&amp;mode=1&amp;name=%5bB%5d%5bCOLOR%20cornflowerblue%5d1.%20YULFIOSTV%20%5b%2fCOLOR%5d%5bCOLOR%20lime%5d%20MIX%20LIST%20%5b%2fCOLOR%5d%20%5b%2fB%5d&amp;url=https%3a%2f%2fgoogledrive.com%2fhost%2f0B0BObI90Md8oflQ2Y09BRFBhOWxsa29FcDRZVjRPOUhMQWoxU0RmYk0yM3NEZDByS1BMQlU%2f100MIXTURA.xml&quot;,return)</favourite>

















</favourites>