<favourites>
    


<favourite name="[COLOR yellow][B]Channel Pear[/B][COLOR red] is required for these streams to work, if they dont work click here.[/COLOR][/COLOR]" thumb="/Users/Speedy0469/Library/Application Support/Kodi/addons/plugin.video.channelpear/icon.png">ActivateWindow(10025,&quot;plugin://plugin.video.channelpear/&quot;,return)</favourite>
<favourite name="[COLOR yellow][B]Channel Pear[/B][COLOR red] se requiere para estas corrientas para trabajar, si no trabajan clic aquí.[/COLOR][/COLOR]" thumb="/Users/Speedy0469/Library/Application Support/Kodi/addons/plugin.video.channelpear/icon.png">ActivateWindow(10025,&quot;plugin://plugin.video.channelpear/&quot;,return)</favourite>

<favourite name="[COLOR red]                [/COLOR]"</favourite>
<favourite name="[COLOR red]                [/COLOR]"</favourite>




<favourite name="[COLOR red]1HD[COLOR yellow]-(Channel Pear)[/COLOR][/COLOR]" thumb="http://channelpear.com/images/media/3815.jpg">PlayMedia(&quot;plugin://plugin.video.channelpear/?url=http%3A%2F%2F195.189.238.18%2Fstreaming%2Ffirstmuz%2F16%2Fhd%2Fplaylist.m3u8&amp;mode=12&quot;)</favourite>

<favourite name="[COLOR red]360 North[COLOR yellow]-(Channel Pear)[/COLOR][/COLOR]" thumb="http://i.imgur.com/lIeKJJA.jpg">PlayMedia(&quot;plugin://plugin.video.channelpear/?url=http%3A%2F%2Fstate.ak.tvwmedia.net%3A1935%2Fktoo-live%2F_definst_%2F360north%2Fplaylist.m3u8&amp;mode=12&quot;)</favourite>
<favourite name="[COLOR red]4Music[COLOR yellow]-(Channel Pear)[/COLOR][/COLOR]" thumb="http://upload.wikimedia.org/wikipedia/en/thumb/d/d8/4_Music_logo.svg/985px-4_Music_logo.svg.png">PlayMedia(&quot;plugin://plugin.video.channelpear/?url=http%3A%2F%2Fcsm-e.cds1.yospace.com%2Fcsm%2Flive%2F86550614.m3u8&amp;mode=12&quot;)</favourite>
<favourite name="[COLOR red]A-One[COLOR yellow]-(Channel Pear)[/COLOR][/COLOR]" thumb="http://channelpear.com/images/media/2210.jpg">PlayMedia(&quot;plugin://plugin.video.channelpear/?url=http%3A%2F%2Fhls.novotelecom.ru%2Fstreaming%2Faone%2Ftvrec%2Fplaylist.m3u8&amp;mode=12&quot;)</favourite>
<favourite name="[COLOR red]AAA Family[COLOR yellow]-(Channel Pear)[/COLOR][/COLOR]" thumb="http://channelpear.com/images/media/4158.jpg">PlayMedia(&quot;plugin://plugin.video.channelpear/?url=http%3A%2F%2F63.237.48.3%2Fios%2FAAA_FAMILY%2FAAA_FAMILY.m3u8&amp;mode=12&quot;)</favourite>
<favourite name="[COLOR red]ABC News[COLOR yellow]-(Channel Pear)[/COLOR][/COLOR]" thumb="http://channelpear.com/images/media/99.jpg">PlayMedia(&quot;plugin://plugin.video.channelpear/?url=http%3A%2F%2Fabclive.abcnews.com%2Fi%2Fabc_live4%40136330%2Findex_1200_av-b.m3u8%3Fsd%3D10%26amp%3Bb%3D1200%26amp%3Brebase%3Don&amp;mode=12&quot;)</favourite>
<favourite name="[COLOR red]ABS-TV[COLOR yellow]-(Channel Pear)[/COLOR][/COLOR]" thumb="http://channelpear.com/images/media/5620.jpg">PlayMedia(&quot;plugin://plugin.video.channelpear/?url=http%3A%2F%2Fiphone-streaming.ustream.tv%2FustreamVideo%2F18415531%2Fstreams%2Flive%2Fplaylist.m3u8&amp;mode=12&quot;)</favourite>
<favourite name="[COLOR red]Adult Swim[COLOR yellow]-(Channel Pear)[/COLOR][/COLOR]" thumb="http://channelpear.com/images/media/4.jpg">PlayMedia(&quot;plugin://plugin.video.channelpear/?url=http%3A%2F%2Fadultswim-lh.akamaihd.net%2Fi%2Fadultswim_12%40156963%2Fmaster.m3u8&amp;mode=12&quot;)</favourite>
<favourite name="[COLOR red]Adventure Time 24/7[COLOR yellow]-(Channel Pear)[/COLOR][/COLOR]" thumb="http://channelpear.com/images/media/3180.png">PlayMedia(&quot;plugin://plugin.video.channelpear/?url=http%3A%2F%2Frtmp1.arconaitv.me%2Flive%2F4DPmr3hMq0VeJtxYiUI-Qw%2F1439711050%2Fat.m3u8&amp;mode=12&quot;)</favourite>
<favourite name="[COLOR red]Al Jazeera English[COLOR yellow]-(Channel Pear)[/COLOR][/COLOR]" thumb="http://channelpear.com/images/media/413.jpg">PlayMedia(&quot;plugin://plugin.video.channelpear/?url=http%3A%2F%2F38.99.146.36%3A7777%2FAlJazeeraEnglish_HD.m3u8&amp;mode=12&quot;)</favourite>
<favourite name="[COLOR red]ALB Music[COLOR yellow]-(Channel Pear)[/COLOR][/COLOR]" thumb="http://channelpear.com/images/media/6211.png">PlayMedia(&quot;plugin://plugin.video.channelpear/?url=http%3A%2F%2F188.138.17.8%3A1935%2Falbuk%2Falbmus.stream%2Fplaylist.m3u8&amp;mode=12&quot;)</favourite>
<favourite name="[COLOR red]ALB UK Plus[COLOR yellow]-(Channel Pear)[/COLOR][/COLOR]" thumb="http://channelpear.com/images/media/6210.png">PlayMedia(&quot;plugin://plugin.video.channelpear/?url=http%3A%2F%2F188.138.17.8%3A1935%2Falbuk%2Falbukplus.stream%2Fplaylist.m3u8&amp;mode=12&quot;)</favourite>
<favourite name="[COLOR red]ALB UK TV[COLOR yellow]-(Channel Pear)[/COLOR][/COLOR]" thumb="http://channelpear.com/images/media/3802.jpg">PlayMedia(&quot;plugin://plugin.video.channelpear/?url=http%3A%2F%2F188.138.17.8%3A1935%2Falbuk%2Falbuk.stream%2Fplaylist.m3u8&amp;mode=12&quot;)</favourite>
<favourite name="[COLOR red]Amazing Facts TV[COLOR yellow]-(Channel Pear)[/COLOR][/COLOR]" thumb="http://channelpear.com/images/media/3956.jpg">PlayMedia(&quot;plugin://plugin.video.channelpear/?url=http%3A%2F%2Famazingfacts.live-s.cdn.bitgravity.com%2Fcdn-live%2F_definst_%2Famazingfacts%2Flive%2Ffeed01%2Fchunklist_w1921345467.m3u8&amp;mode=12&quot;)</favourite>
<favourite name="[COLOR red]Amazing[COLOR yellow]-(Channel Pear)[/COLOR][/COLOR]" thumb="http://channelpear.com/images/media/5691.png">PlayMedia(&quot;plugin://plugin.video.channelpear/?url=http%3A%2F%2Fredir.atmcdn.pl%2Fhls%2Fmm%2Fmultimedia%2Flive%2Famazing%2Flive.livx%2Fplaylist.m3u8&amp;mode=12&quot;)</favourite>
<favourite name="[COLOR red]AMC[COLOR yellow]-(Channel Pear)[/COLOR][/COLOR]" thumb="http://channelpear.com/images/media/2556.png">PlayMedia(&quot;plugin://plugin.video.channelpear/?url=http%3A%2F%2F192.99.19.98%3A1935%2Fflu555%2F_definst_%2Famc%2Fplaylist.m3u8%3Ftoken%3D&amp;mode=12&quot;)</favourite>
<favourite name="[COLOR red]American Dad 24/7[COLOR yellow]-(Channel Pear)[/COLOR][/COLOR]" thumb="http://channelpear.com/images/media/1771.jpeg">PlayMedia(&quot;plugin://plugin.video.channelpear/?url=http%3A%2F%2Frtmp2.arconaitv.me%2Flive%2FtgPxeg3QKtNR0TS1WfITew%2F1439710151%2Fad.m3u8&amp;mode=12&quot;)</favourite>
<favourite name="[COLOR red]AMGTV[COLOR yellow]-(Channel Pear)[/COLOR][/COLOR]" thumb="http://channelpear.com/images/media/6244.png">PlayMedia(&quot;plugin://plugin.video.channelpear/?url=http%3A%2F%2Ftelvuehls_t02027-i.akamaihd.net%2Fhls%2Flive%2F213119%2FT02027-amgtv2%2Fplaylist.m3u8&amp;mode=12&quot;)</favourite>
<favourite name="[COLOR red]Animal Planet[COLOR yellow]-(Channel Pear)[/COLOR][/COLOR]" thumb="http://channelpear.com/images/media/2872.jpg">PlayMedia(&quot;plugin://plugin.video.channelpear/?url=http%3A%2F%2F113.160.49.34%2Flives%2Forigin03%2Fanimalsd.isml%2Fanimalsd-1096k.m3u8&amp;mode=12&quot;)</favourite>
<favourite name="[COLOR red]Archer 24/7[COLOR yellow]-(Channel Pear)[/COLOR][/COLOR]" thumb="http://channelpear.com/images/media/2259.jpg">PlayMedia(&quot;plugin://plugin.video.channelpear/?url=http%3A%2F%2Frtmp2.arconaitv.me%2Flive%2F6srcOhQyTXYJXOVTO9je2Q%2F1439710151%2Faa.m3u8&amp;mode=12&quot;)</favourite>
<favourite name="[COLOR red]Arena Sport 1[COLOR yellow]-(Channel Pear)[/COLOR][/COLOR]" thumb="http://channelpear.com/images/media/2777.jpg">PlayMedia(&quot;plugin://plugin.video.channelpear/?url=http%3A%2F%2F89.212.240.49%3A11980%2Flive%2Fsmil%3A365_0.smil%2Fplaylist.m3u8%3Fauthorization_key%3DhNj0mnLtB9O5rfIKuCVsX7oWASQayqZg%26amp%3Bstream_id%3D0&amp;mode=12&quot;)</favourite>
<favourite name="[COLOR red]Arirang TV[COLOR yellow]-(Channel Pear)[/COLOR][/COLOR]" thumb="http://i.imgur.com/EJIgGk6.png">PlayMedia(&quot;plugin://plugin.video.channelpear/?url=http%3A%2F%2Fworldlive-ios.arirang.co.kr%2Fcdnlive-hls%2Farirangwlive%2F_definst_%2Fliveevent%2Ftvworld1.m3u8&amp;mode=12&quot;)</favourite>
<favourite name="[COLOR red]At The Drive-In[COLOR yellow]-(Channel Pear)[/COLOR][/COLOR]" thumb="http://channelpear.com/images/media/6677.jpg">PlayMedia(&quot;plugin://plugin.video.channelpear/?url=http%3A%2F%2Fveetle.com%2Findex.php%2Fhls%2FstreamMbrfast%2F5408d7749bc24_%2Fstream.m3u8&amp;mode=12&quot;)</favourite>
<favourite name="[COLOR red]BBC Entertainment[COLOR yellow]-(Channel Pear)[/COLOR][/COLOR]" thumb="http://channelpear.com/images/media/131.jpg">PlayMedia(&quot;plugin://plugin.video.channelpear/?url=http%3A%2F%2F81.92.105.134%3A5555%2Fpl.m3u8%3Fchannel%3D143%26amp%3B%2A%2A%2A&amp;mode=12&quot;)</favourite>
<favourite name="[COLOR red]BBC One[COLOR yellow]-(Channel Pear)[/COLOR][/COLOR]" thumb="http://channelpear.com/images/media/211.png">PlayMedia(&quot;plugin://plugin.video.channelpear/?url=http%3A%2F%2F81.92.105.134%3A5555%2Fpl.m3u8%3Fchannel%3D141&amp;mode=12&quot;)</favourite>
<favourite name="[COLOR red]BBC Two[COLOR yellow]-(Channel Pear)[/COLOR][/COLOR]" thumb="http://channelpear.com/images/media/1680.png">PlayMedia(&quot;plugin://plugin.video.channelpear/?url=http%3A%2F%2F81.92.105.134%3A5555%2Fpl.m3u8%3Fchannel%3D142&amp;mode=12&quot;)</favourite>
<favourite name="[COLOR red]BBC World News[COLOR yellow]-(Channel Pear)[/COLOR][/COLOR]" thumb="http://channelpear.com/images/media/3130.png">PlayMedia(&quot;plugin://plugin.video.channelpear/?url=http%3A%2F%2F81.92.105.134%3A5555%2Fpl.m3u8%3Fchannel%3D144&amp;mode=12&quot;)</favourite>
<favourite name="[COLOR red]BEN Television[COLOR yellow]-(Channel Pear)[/COLOR][/COLOR]" thumb="http://channelpear.com/images/media/4578.jpg">PlayMedia(&quot;plugin://plugin.video.channelpear/?url=http%3A%2F%2F162.212.176.83%3A8080%2Fmap-ben.m3u8&amp;mode=12&quot;)</favourite>
<favourite name="[COLOR red]BeritaSatu English[COLOR yellow]-(Channel Pear)[/COLOR][/COLOR]" thumb="http://channelpear.com/images/media/4485.png">PlayMedia(&quot;plugin://plugin.video.channelpear/?url=http%3A%2F%2Fberitasatulive-lh.akamaihd.net%2Fi%2Fb1english_1%4050428%2Findex_720_av-p.m3u8&amp;mode=12&quot;)</favourite>
<favourite name="[COLOR red]BET[COLOR yellow]-(Channel Pear)[/COLOR][/COLOR]" thumb="http://channelpear.com/images/media/46.jpg">PlayMedia(&quot;plugin://plugin.video.channelpear/?url=http%3A%2F%2F192.99.39.240%3A1935%2Fflu555%2F_definst_%2Fbet%2Fplaylist.m3u8%3Ftoken%3D&amp;mode=12&quot;)</favourite>
<favourite name="[COLOR red]Better Call Saul 24/7[COLOR yellow]-(Channel Pear)[/COLOR][/COLOR]" thumb="http://channelpear.com/images/media/6571.jpg">PlayMedia(&quot;plugin://plugin.video.channelpear/?url=http%3A%2F%2Frtmp1.arconaitv.me%2Flive%2FprfqD0uPDc6635vRI_NunA%2F1439711050%2Fbc.m3u8&amp;mode=12&quot;)</favourite>
<favourite name="[COLOR red]Big Ten Network[COLOR yellow]-(Channel Pear)[/COLOR][/COLOR]" thumb="http://i.imgur.com/pMt74TT.jpg">PlayMedia(&quot;plugin://plugin.video.channelpear/?url=http%3A%2F%2Fbigten247.cdnak.bigtenhd.neulion.com%2Fnlds%2Fbtn2go%2Fbtnnetwork%2Fas%2Flive%2Fbtnnetwork_hd_3000.m3u8&amp;mode=12&quot;)</favourite>
<favourite name="[COLOR red]Bloomberg News[COLOR yellow]-(Channel Pear)[/COLOR][/COLOR]" thumb="http://channelpear.com/images/media/6365.png">PlayMedia(&quot;plugin://plugin.video.channelpear/?url=http%3A%2F%2Fcdn3.videos.bloomberg.com%2Fbtv%2Fus%2Fmaster.m3u8%3Fb%3Fb%2At%24&amp;mode=12&quot;)</favourite>
<favourite name="[COLOR red]Bloomberg TV Asia-Pacific[COLOR yellow]-(Channel Pear)[/COLOR][/COLOR]" thumb="http://channelpear.com/images/media/5873.jpg">PlayMedia(&quot;plugin://plugin.video.channelpear/?url=http%3A%2F%2Fbtvasia-i.akamaihd.net%2Fhls%2Flive%2F203322%2Fbtvasia_ios%2FP1%2FM24K.m3u8&amp;mode=12&quot;)</favourite>
<favourite name="[COLOR red]Bloomberg[COLOR yellow]-(Channel Pear)[/COLOR][/COLOR]" thumb="http://livefreetv.files.wordpress.com/2007/11/bloombergtelevision.gif">PlayMedia(&quot;plugin://plugin.video.channelpear/?url=http%3A%2F%2Fcdn3.videos.bloomberg.com%2Fbtv%2Fus%2Fmaster.m3u8&amp;mode=12&quot;)</favourite>
<favourite name="[COLOR red]Bobs Burgers 24/7[COLOR yellow]-(Channel Pear)[/COLOR][/COLOR]" thumb="http://channelpear.com/images/media/2969.jpg">PlayMedia(&quot;plugin://plugin.video.channelpear/?url=http%3A%2F%2Frtmp2.arconaitv.me%2Flive%2F0wejSNDkOhR2kiS7fJHTbg%2F1439711051%2Fbb.m3u8&amp;mode=12&quot;)</favourite>
<favourite name="[COLOR red]Boston City TV[COLOR yellow]-(Channel Pear)[/COLOR][/COLOR]" thumb="http://i.imgur.com/T7gF4H9.jpg">PlayMedia(&quot;plugin://plugin.video.channelpear/?url=http%3A%2F%2Fstreaming.cityofboston.gov%3A1935%2Flive%2Fcable%2Fplaylist.m3u8&amp;mode=12&quot;)</favourite>
<favourite name="[COLOR red]Bravo[COLOR yellow]-(Channel Pear)[/COLOR][/COLOR]" thumb="http://channelpear.com/images/media/2567.jpg">PlayMedia(&quot;plugin://plugin.video.channelpear/?url=http%3A%2F%2F167.114.119.209%3A1935%2Fflu555%2F_definst_%2Fjbravo%2Fplaylist.m3u8%3Ftoken%3D&amp;mode=12&quot;)</favourite>
<favourite name="[COLOR red]BYUtv[COLOR yellow]-(Channel Pear)[/COLOR][/COLOR]" thumb="http://channelpear.com/images/media/4352.jpg">PlayMedia(&quot;plugin://plugin.video.channelpear/?url=http%3A%2F%2Fbyuhd2-lh.akamaihd.net%2Fi%2Fbyutvhd2_live%40103136%2Fmaster.m3u8&amp;mode=12&quot;)</favourite>
<favourite name="[COLOR red]Cartoon Network[COLOR yellow]-(Channel Pear)[/COLOR][/COLOR]" thumb="http://channelpear.com/images/media/2510.png">PlayMedia(&quot;plugin://plugin.video.channelpear/?url=http%3A%2F%2Fhls.svc.moyo.tv%2Fhls%2FCH_CARTOON%2Fvariant.m3u8%3Fversion%3D2&amp;mode=12&quot;)</favourite>
<favourite name="[COLOR red]CBC TV 8[COLOR yellow]-(Channel Pear)[/COLOR][/COLOR]" thumb="http://channelpear.com/images/media/5621.jpg">PlayMedia(&quot;plugin://plugin.video.channelpear/?url=http%3A%2F%2F184.154.57.230%3A1935%2Fcbcvideo%2Fcbcstream%2Fplaylist.m3u8&amp;mode=12&quot;)</favourite>
<favourite name="[COLOR red]CBS Action[COLOR yellow]-(Channel Pear)[/COLOR][/COLOR]" thumb="http://channelpear.com/images/media/3980.png">PlayMedia(&quot;plugin://plugin.video.channelpear/?url=http%3A%2F%2F81.92.105.134%3A5555%2Fpl.m3u8%3Fchannel%3D303%26amp%3B%2A%2A%2A&amp;mode=12&quot;)</favourite>
<favourite name="[COLOR red]CBS News HD[COLOR yellow]-(Channel Pear)[/COLOR][/COLOR]" thumb="http://channelpear.com/images/media/6957.jpeg">PlayMedia(&quot;plugin://plugin.video.channelpear/?url=http%3A%2F%2Fcbsnewshd-lh.akamaihd.net%2Fi%2FCBSN_2%40199302%2Findex_4000_av-b.m3u8%3Fsd%3D10%26amp%3Brebase%3Don&amp;mode=12&quot;)</favourite>
<favourite name="[COLOR red]CCTV News[COLOR yellow]-(Channel Pear)[/COLOR][/COLOR]" thumb="http://i.imgur.com/Z5FR8Xk.jpg">PlayMedia(&quot;plugin://plugin.video.channelpear/?url=http%3A%2F%2F77.36.61.45%3A8010%2FCCTVNews.m3u8&amp;mode=12&quot;)</favourite>
<favourite name="[COLOR red]Channel 4[COLOR yellow]-(Channel Pear)[/COLOR][/COLOR]" thumb="http://channelpear.com/images/media/1679.jpg">PlayMedia(&quot;plugin://plugin.video.channelpear/?url=http%3A%2F%2F81.92.105.134%3A5555%2Fpl.m3u8%3Fchannel%3D96&amp;mode=12&quot;)</favourite>
<favourite name="[COLOR red]Channel AKA[COLOR yellow]-(Channel Pear)[/COLOR][/COLOR]" thumb="http://channelpear.com/images/media/3098.jpeg">PlayMedia(&quot;plugin://plugin.video.channelpear/?url=http%3A%2F%2Frrr.sz.xlcdn.com%2F%3Faccount%3DAATW%26amp%3Bfile%3Dakanew%26amp%3Btype%3Dlive%26amp%3Bservice%3Dwowza%26amp%3Bprotocol%3Dhttp%26amp%3Boutput%3Dplaylist.m3u8&amp;mode=12&quot;)</favourite>
<favourite name="[COLOR red]Channel NewsAsia[COLOR yellow]-(Channel Pear)[/COLOR][/COLOR]" thumb="http://channelpear.com/images/media/7368.png">PlayMedia(&quot;plugin://plugin.video.channelpear/?url=http%3A%2F%2Fd1g7sccev8onz8.cloudfront.net%2Fdvrcf%2Fsmil%3A87cna.smil%2Fplaylist.m3u8&amp;mode=12&quot;)</favourite>
<favourite name="[COLOR red]CHCH-DT[COLOR yellow]-(Channel Pear)[/COLOR][/COLOR]" thumb="http://channelpear.com/images/media/3781.jpg">PlayMedia(&quot;plugin://plugin.video.channelpear/?url=http%3A%2F%2F54.85.197.21%3A1935%2Flive%2Fnews%2Fplaylist.m3u8&amp;mode=12&quot;)</favourite>
<favourite name="[COLOR red]Cinemax[COLOR yellow]-(Channel Pear)[/COLOR][/COLOR]" thumb="http://channelpear.com/images/media/2522.jpeg">PlayMedia(&quot;plugin://plugin.video.channelpear/?url=http%3A%2F%2F113.160.49.34%2Flives%2Forigin03%2Fcinemaxsd.isml%2Fcinemaxsd-1096k.m3u8&amp;mode=12&quot;)</favourite>
<favourite name="[COLOR red]Cinestream TV[COLOR yellow]-(Channel Pear)[/COLOR][/COLOR]" thumb="http://i.imgur.com/An8gJIE.png">PlayMedia(&quot;plugin://plugin.video.channelpear/?url=http%3A%2F%2F68.71.42.179%2Flive%2Flivestream1%2Fplaylist.m3u8&amp;mode=12&quot;)</favourite>
<favourite name="[COLOR red]Classic Arts Showcase[COLOR yellow]-(Channel Pear)[/COLOR][/COLOR]" thumb="http://channelpear.com/images/media/7214.jpg">PlayMedia(&quot;plugin://plugin.video.channelpear/?url=http%3A%2F%2Fcds.d3r6a3c9.hwcdn.net%2Flive%2Fsmil%3ACAS.smil%2Fplaylist.m3u8&amp;mode=12&quot;)</favourite>
<favourite name="[COLOR red]Clubbing TV[COLOR yellow]-(Channel Pear)[/COLOR][/COLOR]" thumb="http://channelpear.com/images/media/6194.png">PlayMedia(&quot;plugin://plugin.video.channelpear/?url=http%3A%2F%2F204.107.26.252%3A1935%2Flive%2F691.high.stream%2Fplaylist.m3u8&amp;mode=12&quot;)</favourite>
<favourite name="[COLOR red]Clubland TV[COLOR yellow]-(Channel Pear)[/COLOR][/COLOR]" thumb="http://i.imgur.com/fB4AbBy.jpg">PlayMedia(&quot;plugin://plugin.video.channelpear/?url=http%3A%2F%2Frrr.sz.xlcdn.com%2F%3Faccount%3DAATW%26amp%3Bfile%3Dclublandtv%26amp%3Btype%3Dlive%26amp%3Bservice%3Dwowza%26amp%3Bprotocol%3Dhttp%26amp%3Boutput%3Dplaylist.m3u8&amp;mode=12&quot;)</favourite>
<favourite name="[COLOR red]CNBC (Europe)[COLOR yellow]-(Channel Pear)[/COLOR][/COLOR]" thumb="http://channelpear.com/images/media/3244.jpg">PlayMedia(&quot;plugin://plugin.video.channelpear/?url=http%3A%2F%2Fwpc.c1a9.edgecastcdn.net%2Fhls-live%2F20C1A9%2Fcnbc_eu%2Fls_satlink%2Fb_%2C264%2C528%2C828%2C.m3u8&amp;mode=12&quot;)</favourite>
<favourite name="[COLOR red]CNC World[COLOR yellow]-(Channel Pear)[/COLOR][/COLOR]" thumb="http://i.imgur.com/XnpETbP.jpg">PlayMedia(&quot;plugin://plugin.video.channelpear/?url=http%3A%2F%2Fm3u8.cncnews.cn%2F00%2F00%2F00000001-0000-0000-FFFF-FFFFFFFFFF14_ts_live.m3u8&amp;mode=12&quot;)</favourite>
<favourite name="[COLOR red]CNOPT Sport-1 HD[COLOR yellow]-(Channel Pear)[/COLOR][/COLOR]" thumb="http://i.imgur.com/7p4EldI.jpg">PlayMedia(&quot;plugin://plugin.video.channelpear/?url=http%3A%2F%2F193.232.151.135%2Fhls-live%2Flivepkgr%2F_1031_%2F1031%2F1031-70.m3u8&amp;mode=12&quot;)</favourite>
<favourite name="[COLOR red]Comedy Central[COLOR yellow]-(Channel Pear)[/COLOR][/COLOR]" thumb="http://channelpear.com/images/media/1352.jpg">PlayMedia(&quot;plugin://plugin.video.channelpear/?url=http%3A%2F%2F192.99.19.98%3A1935%2Fflu555%2F_definst_%2Fcomedycentral%2Fplaylist.m3u8%3Ftoken%3D&amp;mode=12&quot;)</favourite>
<favourite name="[COLOR red]Community 24/7[COLOR yellow]-(Channel Pear)[/COLOR][/COLOR]" thumb="http://channelpear.com/images/media/1847.png">PlayMedia(&quot;plugin://plugin.video.channelpear/?url=http%3A%2F%2Frtmp1.arconaitv.me%2Flive%2FeVJ4YU-Fc2lNQAfRY1njOA%2F1439710150%2Fcm.m3u8&amp;mode=12&quot;)</favourite>
<favourite name="[COLOR red]CPAC[COLOR yellow]-(Channel Pear)[/COLOR][/COLOR]" thumb="http://channelpear.com/images/media/6108.gif">PlayMedia(&quot;plugin://plugin.video.channelpear/?url=http%3A%2F%2Fbcliveuniv-lh.akamaihd.net%2Fi%2Fcpac1eng2014_01%40119330%2Findex_2000_av-p.m3u8&amp;mode=12&quot;)</favourite>
<favourite name="[COLOR red]CTV Edmonton[COLOR yellow]-(Channel Pear)[/COLOR][/COLOR]" thumb="http://channelpear.com/images/media/6333.jpeg">PlayMedia(&quot;plugin://plugin.video.channelpear/?url=http%3A%2F%2F198.179.31.198%2Flive%2F2053.high.stream%2F2053.high.stream%2Findex.m3u8&amp;mode=12&quot;)</favourite>
<favourite name="[COLOR red]CTV Regina[COLOR yellow]-(Channel Pear)[/COLOR][/COLOR]" thumb="http://channelpear.com/images/media/3505.png">PlayMedia(&quot;plugin://plugin.video.channelpear/?url=http%3A%2F%2F198.179.31.198%2Flive%2F2059.high.stream%2F2059.high.stream%2Findex.m3u8&amp;mode=12&quot;)</favourite>
<favourite name="[COLOR red]CTV Yorkton[COLOR yellow]-(Channel Pear)[/COLOR][/COLOR]" thumb="http://channelpear.com/images/media/6334.jpeg">PlayMedia(&quot;plugin://plugin.video.channelpear/?url=http%3A%2F%2F198.179.31.198%2Flive%2F2062.high.stream%2F2062.high.stream%2Findex.m3u8&amp;mode=12&quot;)</favourite>
<favourite name="[COLOR red]d23 tv[COLOR yellow]-(Channel Pear)[/COLOR][/COLOR]" thumb="http://channelpear.com/images/media/4547.jpg">PlayMedia(&quot;plugin://plugin.video.channelpear/?url=http%3A%2F%2Fiphone-streaming.ustream.tv%2Fuhls%2F6141044%2Fstreams%2Flive%2Fiphone%2Fplaylist.m3u8&amp;mode=12&quot;)</favourite>
<favourite name="[COLOR red]Dance TV[COLOR yellow]-(Channel Pear)[/COLOR][/COLOR]" thumb="http://channelpear.com/images/media/104.jpg">PlayMedia(&quot;plugin://plugin.video.channelpear/?url=http%3A%2F%2F87.239.31.232%2Fhls%2F230.3.4.169.sd.stream.m3u8&amp;mode=12&quot;)</favourite>
<favourite name="[COLOR red]Dave[COLOR yellow]-(Channel Pear)[/COLOR][/COLOR]" thumb="http://channelpear.com/images/media/3464.jpg">PlayMedia(&quot;plugin://plugin.video.channelpear/?url=http%3A%2F%2F93.184.221.133%2F00573D%2F290%2F290-0.m3u8&amp;mode=12&quot;)</favourite>
<favourite name="[COLOR red]Digicel-SportsMax[COLOR yellow]-(Channel Pear)[/COLOR][/COLOR]" thumb="http://i.imgur.com/rRvONR2.jpg">PlayMedia(&quot;plugin://plugin.video.channelpear/?url=http%3A%2F%2F46.249.213.93%2FiPhone%2Fbroadcast%2Fsportmax-tablet.3gp%2Fsportmax-tablet.3gp-mr497k.m3u8&amp;mode=12&quot;)</favourite>
<favourite name="[COLOR red]Discovery History[COLOR yellow]-(Channel Pear)[/COLOR][/COLOR]" thumb="http://channelpear.com/images/media/3869.png">PlayMedia(&quot;plugin://plugin.video.channelpear/?url=http%3A%2F%2F93.184.221.133%2F00573D%2F1348%2F1348-0.m3u8&amp;mode=12&quot;)</favourite>
<favourite name="[COLOR red]Disney XD[COLOR yellow]-(Channel Pear)[/COLOR][/COLOR]" thumb="http://channelpear.com/images/media/2380.png">PlayMedia(&quot;plugin://plugin.video.channelpear/?url=http%3A%2F%2F167.114.101.188%3A1935%2Fflu555%2F_definst_%2Fdisneyxd%2Fplaylist.m3u8%3Ftoken%3D&amp;mode=12&quot;)</favourite>
<favourite name="[COLOR red]DJing - Hot Hot Hot[COLOR yellow]-(Channel Pear)[/COLOR][/COLOR]" thumb="http://channelpear.com/images/media/6156.jpg">PlayMedia(&quot;plugin://plugin.video.channelpear/?url=http%3A%2F%2Fwww.djing.com%2Ftv%2Fhothothot.m3u8&amp;mode=12&quot;)</favourite>
<favourite name="[COLOR red]DJing[COLOR yellow]-(Channel Pear)[/COLOR][/COLOR]" thumb="http://channelpear.com/images/media/3680.png">PlayMedia(&quot;plugin://plugin.video.channelpear/?url=http%3A%2F%2Fcdn.djing.com%2Ftv%2Fd-05.m3u8&amp;mode=12&quot;)</favourite>
<favourite name="[COLOR red]Dream TV[COLOR yellow]-(Channel Pear)[/COLOR][/COLOR]" thumb="http://channelpear.com/images/media/3674.jpg">PlayMedia(&quot;plugin://plugin.video.channelpear/?url=http%3A%2F%2F212.224.108.76%3A80%2FS1%2FHLS_LIVE%2Fdreamtv%2F1000%2Fprog_index.m3u8&amp;mode=12&quot;)</favourite>
<favourite name="[COLOR red]Dubai One[COLOR yellow]-(Channel Pear)[/COLOR][/COLOR]" thumb="http://channelpear.com/images/media/4066.jpg">PlayMedia(&quot;plugin://plugin.video.channelpear/?url=http%3A%2F%2Fdmi.mangomolo.com%3A1935%2Fdubaione%2Fsmil%3Adubaione.smil%2Fplaylist.m3u8&amp;mode=12&quot;)</favourite>
<favourite name="[COLOR red]DW English[COLOR yellow]-(Channel Pear)[/COLOR][/COLOR]" thumb="http://www.dw.de/cssi/dwlogo-print.gif">PlayMedia(&quot;plugin://plugin.video.channelpear/?url=http%3A%2F%2Fwww.metafilegenerator.de%2FDWelle%2Ftv-europa%2Fios%2Fmaster.m3u8&amp;mode=12&quot;)</favourite>
<favourite name="[COLOR red]E4[COLOR yellow]-(Channel Pear)[/COLOR][/COLOR]" thumb="http://channelpear.com/images/media/2335_2.jpg">PlayMedia(&quot;plugin://plugin.video.channelpear/?url=http%3A%2F%2F81.92.105.134%3A5555%2Fpl.m3u8%3Fchannel%3D93&amp;mode=12&quot;)</favourite>
<favourite name="[COLOR red]ESKA Best Music TV[COLOR yellow]-(Channel Pear)[/COLOR][/COLOR]" thumb="http://channelpear.com/images/media/6373.jpg">PlayMedia(&quot;plugin://plugin.video.channelpear/?url=http%3A%2F%2Fstream.smcloud.net%2Flive2%2Fbest%2Fbest_720p%2FBest%2520Music%2520TV.m3u8&amp;mode=12&quot;)</favourite>
<favourite name="[COLOR red]ESKA Party TV[COLOR yellow]-(Channel Pear)[/COLOR][/COLOR]" thumb="http://channelpear.com/images/media/6522.jpg">PlayMedia(&quot;plugin://plugin.video.channelpear/?url=http%3A%2F%2Fstream.smcloud.net%2Flive2%2Feska_party%2Feska_party_720p%2FEska%26amp%3BParty%26amp%3BTV.m3u8&amp;mode=12&quot;)</favourite>
<favourite name="[COLOR red]ESKA Rock[COLOR yellow]-(Channel Pear)[/COLOR][/COLOR]" thumb="http://channelpear.com/images/media/6517.jpg">PlayMedia(&quot;plugin://plugin.video.channelpear/?url=http%3A%2F%2Fstream.smcloud.net%2Flive2%2Feska_rock%2Feska_rock_720p%2FEska%26amp%3BRock%26amp%3BTV.m3u8&amp;mode=12&quot;)</favourite>
<favourite name="[COLOR red]Family Friendly Entertainment[COLOR yellow]-(Channel Pear)[/COLOR][/COLOR]" thumb="http://i.imgur.com/2iocc8K.jpg">PlayMedia(&quot;plugin://plugin.video.channelpear/?url=http%3A%2F%2F54.225.64.228%3A1935%2Flive%2Froku2%2Fplaylist.m3u8&amp;mode=12&quot;)</favourite>
<favourite name="[COLOR red]Family Guy 24/7[COLOR yellow]-(Channel Pear)[/COLOR][/COLOR]" thumb="http://channelpear.com/images/media/1580.jpg">PlayMedia(&quot;plugin://plugin.video.channelpear/?url=http%3A%2F%2Frtmp1.arconaitv.me%2Flive%2F7BEREZRq0NBu3hgbHwBK5Q%2F1439710150%2Ffg.m3u8&amp;mode=12&quot;)</favourite>
<favourite name="[COLOR red]Film Noir Classic Channel[COLOR yellow]-(Channel Pear)[/COLOR][/COLOR]" thumb="http://channelpear.com/images/media/6638.jpg">PlayMedia(&quot;plugin://plugin.video.channelpear/?url=http%3A%2F%2Fveetle.com%2Findex.php%2Fhls%2FstreamMbrfast%2F4d7fbae3b4c52_%2Fstream.m3u8&amp;mode=12&quot;)</favourite>
<favourite name="[COLOR red]Film4[COLOR yellow]-(Channel Pear)[/COLOR][/COLOR]" thumb="http://channelpear.com/images/media/2291.jpg">PlayMedia(&quot;plugin://plugin.video.channelpear/?url=http%3A%2F%2F81.92.105.134%3A5555%2Fpl.m3u8%3Fchannel%3D95&amp;mode=12&quot;)</favourite>
<favourite name="[COLOR red]Flapjack 24/7[COLOR yellow]-(Channel Pear)[/COLOR][/COLOR]" thumb="http://channelpear.com/images/media/6573.jpg">PlayMedia(&quot;plugin://plugin.video.channelpear/?url=http%3A%2F%2Frtmp1.arconaitv.me%2Flive%2FdiKhjw1-_iu8ovz0pFf3Ug%2F1439711051%2Fflapjack.m3u8&amp;mode=12&quot;)</favourite>
<favourite name="[COLOR red]FOX 59 News[COLOR yellow]-(Channel Pear)[/COLOR][/COLOR]" thumb="http://channelpear.com/images/fox59news.jpg">PlayMedia(&quot;plugin://plugin.video.channelpear/?url=http%3A%2F%2Fwxintribune-lh.akamaihd.net%2Fi%2FWXINTribune_1%40120151%2Fmaster.m3u8&amp;mode=12&quot;)</favourite>
<favourite name="[COLOR red]FOX College Sports[COLOR yellow]-(Channel Pear)[/COLOR][/COLOR]" thumb="http://i.imgur.com/RiTJwPA.jpg">PlayMedia(&quot;plugin://plugin.video.channelpear/?url=http%3A%2F%2Fftve1100-i.akamaihd.net%2Fhls%2Flive%2F217047%2Ffcsp%2F3964k%2Fprog.m3u8&amp;mode=12&quot;)</favourite>
<favourite name="[COLOR red]France 24[COLOR yellow]-(Channel Pear)[/COLOR][/COLOR]" thumb="http://i.imgur.com/BFMMPwP.png">PlayMedia(&quot;plugin://plugin.video.channelpear/?url=http%3A%2F%2F81.92.105.134%3A5555%2Fpl.m3u8%3Fchannel%3D309&amp;mode=12&quot;)</favourite>
<favourite name="[COLOR red]Futurama 24/7[COLOR yellow]-(Channel Pear)[/COLOR][/COLOR]" thumb="http://channelpear.com/images/media/1417.jpg">PlayMedia(&quot;plugin://plugin.video.channelpear/?url=http%3A%2F%2Frtmp2.arconaitv.me%2Flive%2FRDmbL90bnRAkE70CcForcg%2F1439710149%2Ffa.m3u8&amp;mode=12&quot;)</favourite>
<favourite name="[COLOR red]FX[COLOR yellow]-(Channel Pear)[/COLOR][/COLOR]" thumb="http://channelpear.com/images/media/1466_3.jpg">PlayMedia(&quot;plugin://plugin.video.channelpear/?url=http%3A%2F%2F167.114.101.188%3A1935%2Fflu555%2F_definst_%2Ffx%2Fplaylist.m3u8%3Ftoken%3D&amp;mode=12&quot;)</favourite>
<favourite name="[COLOR red]GBN TV[COLOR yellow]-(Channel Pear)[/COLOR][/COLOR]" thumb="http://channelpear.com/images/media/5944.jpg">PlayMedia(&quot;plugin://plugin.video.channelpear/?url=http%3A%2F%2F38.96.175.122%3A1951%2Flive%2F%2Flivestream%2Fplaylist.m3u8&amp;mode=12&quot;)</favourite>
<favourite name="[COLOR red]GEM TV USA[COLOR yellow]-(Channel Pear)[/COLOR][/COLOR]" thumb="http://channelpear.com/images/media/2203.png">PlayMedia(&quot;plugin://plugin.video.channelpear/?url=http%3A%2F%2F63.237.48.3%2Fios%2FGEM_USA%2FGEM_USA.m3u8&amp;mode=12&quot;)</favourite>
<favourite name="[COLOR red]Genesis Science Network[COLOR yellow]-(Channel Pear)[/COLOR][/COLOR]" thumb="http://channelpear.com/images/media/5141.jpg">PlayMedia(&quot;plugin://plugin.video.channelpear/?url=http%3A%2F%2Fgenesis.tulix.tv%3A1935%2Flive%2FStream1%2Fplaylist.m3u8&amp;mode=12&quot;)</favourite>
<favourite name="[COLOR red]Ginx TV[COLOR yellow]-(Channel Pear)[/COLOR][/COLOR]" thumb="http://channelpear.com/images/media/2668.jpg">PlayMedia(&quot;plugin://plugin.video.channelpear/?url=http%3A%2F%2F204.107.26.252%3A1935%2Flive%2F796.high.stream%2FHasBahCa.m3u8&amp;mode=12&quot;)</favourite>
<favourite name="[COLOR red]Global BC[COLOR yellow]-(Channel Pear)[/COLOR][/COLOR]" thumb="http://channelpear.com/images/media/4926.jpeg">PlayMedia(&quot;plugin://plugin.video.channelpear/?url=http%3A%2F%2Flink.theplatform.com%2Fs%2FdtjsEC%2FEqBPGYLY6fEx%3Ffeed%3DDEV%2520Live%2520Stream&amp;mode=12&quot;)</favourite>
<favourite name="[COLOR red]Global Halifax[COLOR yellow]-(Channel Pear)[/COLOR][/COLOR]" thumb="http://channelpear.com/images/media/4925.jpeg">PlayMedia(&quot;plugin://plugin.video.channelpear/?url=http%3A%2F%2Flink.theplatform.com%2Fs%2FdtjsEC%2F77l1KA_G_5P1%3Ffeed%3DDEV%2520Live%2520Stream%2520Feed&amp;mode=12&quot;)</favourite>
<favourite name="[COLOR red]Global[COLOR yellow]-(Channel Pear)[/COLOR][/COLOR]" thumb="http://channelpear.com/images/media/4890.png">PlayMedia(&quot;plugin://plugin.video.channelpear/?url=http%3A%2F%2Flink.theplatform.com%2Fs%2FdtjsEC%2FhdSH3iztz_j_%3Ffeed%3DDEV%2520Live%2520Stream%2520Feed&amp;mode=12&quot;)</favourite>
<favourite name="[COLOR red]Golf Channel HD[COLOR yellow]-(Channel Pear)[/COLOR][/COLOR]" thumb="http://i.imgur.com/WuYJhkg.jpg">PlayMedia(&quot;plugin://plugin.video.channelpear/?url=http%3A%2F%2Ftvegolf-i.Akamaihd.net%2Fhls%2Flive%2F218225%2Fgolfx%2F4296k%2Fprog.m3u8&amp;mode=12&quot;)</favourite>
<favourite name="[COLOR red]Hard Life TV[COLOR yellow]-(Channel Pear)[/COLOR][/COLOR]" thumb="http://channelpear.com/images/media/5690.jpg">PlayMedia(&quot;plugin://plugin.video.channelpear/?url=http%3A%2F%2Frtk1.peers.tv%2Fstreaming%2Fhardlife_tv%2F126%2Ftvrec%2Fplaylist.m3u8&amp;mode=12&quot;)</favourite>
<favourite name="[COLOR red]HBO[COLOR yellow]-(Channel Pear)[/COLOR][/COLOR]" thumb="http://channelpear.com/images/media/2523.png">PlayMedia(&quot;plugin://plugin.video.channelpear/?url=http%3A%2F%2F192.99.39.240%3A1935%2Fflu555%2F_definst_%2Fhboeast%2Fplaylist.m3u8%3Ftoken%3D&amp;mode=12&quot;)</favourite>
<favourite name="[COLOR red]heat TV[COLOR yellow]-(Channel Pear)[/COLOR][/COLOR]" thumb="http://i.imgur.com/2ePh8gy.jpg">PlayMedia(&quot;plugin://plugin.video.channelpear/?url=http%3A%2F%2Fcsm-e.cds1.yospace.com%2Fcsm%2Flive%2F86561631.m3u8&amp;mode=12&quot;)</favourite>
<favourite name="[COLOR red]Heavy Metal Television[COLOR yellow]-(Channel Pear)[/COLOR][/COLOR]" thumb="http://channelpear.com/images/media/2788.jpeg">PlayMedia(&quot;plugin://plugin.video.channelpear/?url=http%3A%2F%2F70.166.98.130%3A1935%2Fhmtv%2FmyStream%2Fplaylist.m3u8&amp;mode=12&quot;)</favourite>
<favourite name="[COLOR red]HGTV[COLOR yellow]-(Channel Pear)[/COLOR][/COLOR]" thumb="http://channelpear.com/images/media/1165.jpg">PlayMedia(&quot;plugin://plugin.video.channelpear/?url=http%3A%2F%2F192.99.39.240%3A1935%2Fflu555%2F_definst_%2Fjhgtv%2Fplaylist.m3u8%3Ftoken%3D&amp;mode=12&quot;)</favourite>
<favourite name="[COLOR red]Horse &amp;amp; Country TV[COLOR yellow]-(Channel Pear)[/COLOR][/COLOR]" thumb="http://channelpear.com/images/media/3736.jpg">PlayMedia(&quot;plugin://plugin.video.channelpear/?url=http%3A%2F%2Fcdn.live.simplestream.com%2Fcoder5%2Fcoder.channels.channel5%2Fhls%2F4%2Fplaylist.m3u8&amp;mode=12&quot;)</favourite>
<favourite name="[COLOR red]HSN[COLOR yellow]-(Channel Pear)[/COLOR][/COLOR]" thumb="http://i.imgur.com/roP2UwO.jpg">PlayMedia(&quot;plugin://plugin.video.channelpear/?url=http%3A%2F%2Fhsn.mpl.miisolutions.net%2Fhsn-live01%2F_definst_%2Fsmil%3AHSN1_ipad.smil%2Fplaylist.m3u8&amp;mode=12&quot;)</favourite>
<favourite name="[COLOR red]HSN2[COLOR yellow]-(Channel Pear)[/COLOR][/COLOR]" thumb="http://channelpear.com/images/media/3751.jpg">PlayMedia(&quot;plugin://plugin.video.channelpear/?url=http%3A%2F%2Fhsn.mpl.miisolutions.net%3A1935%2Fhsn-live01%2F_definst_%2Fmp4%3A468p500kB31%2Fplaylist.m3u8&amp;mode=12&quot;)</favourite>
<favourite name="[COLOR red]HuffPost Live[COLOR yellow]-(Channel Pear)[/COLOR][/COLOR]" thumb="http://channelpear.com/images/media/8010.png">PlayMedia(&quot;plugin://plugin.video.channelpear/?url=http%3A%2F%2Fhpsn-i.akamaihd.net%2Fhls%2Flive%2F207736%2Fhplla%2F1400.m3u8&amp;mode=12&quot;)</favourite>
<favourite name="[COLOR red]iFilm[COLOR yellow]-(Channel Pear)[/COLOR][/COLOR]" thumb="http://channelpear.com/images/media/3767.jpg">PlayMedia(&quot;plugin://plugin.video.channelpear/?url=http%3A%2F%2Fmtv.ashttp7.visionip.tv%2Flive%2Fmtv-ifilm-ifilm-live-16x9-SD%2Fplaylist.m3u8&amp;mode=12&quot;)</favourite>
<favourite name="[COLOR red]iNews TV[COLOR yellow]-(Channel Pear)[/COLOR][/COLOR]" thumb="http://channelpear.com/images/media/6090.jpg">PlayMedia(&quot;plugin://plugin.video.channelpear/?url=http%3A%2F%2Flivemedia.mncplaymedia.net%2Fcdn%2Fiptv%2FTvod%2F001%2Fchannel2000029%2F512.m3u8&amp;mode=12&quot;)</favourite>
<favourite name="[COLOR red]Invader Zim 24/7[COLOR yellow]-(Channel Pear)[/COLOR][/COLOR]" thumb="http://channelpear.com/images/media/6624.gif">PlayMedia(&quot;plugin://plugin.video.channelpear/?url=http%3A%2F%2Frtmp1.arconaitv.me%2Flive%2FFVLbSmOGxZNocgRlfFPGUw%2F1439711050%2Fiz.m3u8&amp;mode=12&quot;)</favourite>
<favourite name="[COLOR red]Its Always Sunny in Philadelphia 24/7[COLOR yellow]-(Channel Pear)[/COLOR][/COLOR]" thumb="http://channelpear.com/images/media/1908.jpg">PlayMedia(&quot;plugin://plugin.video.channelpear/?url=http%3A%2F%2Frtmp1.arconaitv.me%2Flive%2FFI9k20u6fZY7wwA6cm2dqQ%2F1439710149%2Fas.m3u8&amp;mode=12&quot;)</favourite>
<favourite name="[COLOR red]ITV 2[COLOR yellow]-(Channel Pear)[/COLOR][/COLOR]" thumb="http://channelpear.com/images/media/4291.jpg">PlayMedia(&quot;plugin://plugin.video.channelpear/?url=http%3A%2F%2F81.92.105.134%3A5555%2Fpl.m3u8%3Fchannel%3D90&amp;mode=12&quot;)</favourite>
<favourite name="[COLOR red]ITV 3[COLOR yellow]-(Channel Pear)[/COLOR][/COLOR]" thumb="http://channelpear.com/images/media/4292.jpg">PlayMedia(&quot;plugin://plugin.video.channelpear/?url=http%3A%2F%2F81.92.105.134%3A5555%2Fpl.m3u8%3Fchannel%3D91&amp;mode=12&quot;)</favourite>
<favourite name="[COLOR red]ITV 4[COLOR yellow]-(Channel Pear)[/COLOR][/COLOR]" thumb="http://channelpear.com/images/media/4293.jpg">PlayMedia(&quot;plugin://plugin.video.channelpear/?url=http%3A%2F%2F81.92.105.134%3A5555%2Fpl.m3u8%3Fchannel%3D92&amp;mode=12&quot;)</favourite>
<favourite name="[COLOR red]ITV HD[COLOR yellow]-(Channel Pear)[/COLOR][/COLOR]" thumb="http://channelpear.com/images/media/129.jpeg">PlayMedia(&quot;plugin://plugin.video.channelpear/?url=http%3A%2F%2Fiptvspeedy4you.ddns.net%3A8000%2Flive%2Fherkimer%2FOIeVUGLGKK%2F638.m3u8&amp;mode=12&quot;)</favourite>
<favourite name="[COLOR red]Jewish Life Television[COLOR yellow]-(Channel Pear)[/COLOR][/COLOR]" thumb="http://channelpear.com/images/media/6783.jpg">PlayMedia(&quot;plugin://plugin.video.channelpear/?url=http%3A%2F%2F50.112.241.187%3A1935%2Frtplive%2Fsmil%3Ajltv.smil%2Fplaylist.m3u8%3Fb%3Fb%2At&amp;mode=12&quot;)</favourite>
<favourite name="[COLOR red]JIM[COLOR yellow]-(Channel Pear)[/COLOR][/COLOR]" thumb="http://channelpear.com/images/media/7122.jpg">PlayMedia(&quot;plugin://plugin.video.channelpear/?url=http%3A%2F%2Fapple.jim.stream.vmmacdn.be%2Fhls%2Fhls_high.m3u8&amp;mode=12&quot;)</favourite>
<favourite name="[COLOR red]JNN TV[COLOR yellow]-(Channel Pear)[/COLOR][/COLOR]" thumb="http://i.imgur.com/yslPCR4.jpg">PlayMedia(&quot;plugin://plugin.video.channelpear/?url=http%3A%2F%2Frjr_flash-lh.akamaihd.net%2Fi%2Fjnn_1%40177149%2Fmaster.m3u8&amp;mode=12&quot;)</favourite>
<favourite name="[COLOR red]JUCE TV[COLOR yellow]-(Channel Pear)[/COLOR][/COLOR]" thumb="http://channelpear.com/images/media/7123.jpg">PlayMedia(&quot;plugin://plugin.video.channelpear/?url=http%3A%2F%2F109.68.190.192%3A1935%2Fjucetv%2Fngrp%3Ajucetv.stream-adaptive%2Fplaylist.m3u8&amp;mode=12&quot;)</favourite>
<favourite name="[COLOR red]Jupiter Broadcasting[COLOR yellow]-(Channel Pear)[/COLOR][/COLOR]" thumb="http://channelpear.com/images/media/8011.jpg">PlayMedia(&quot;plugin://plugin.video.channelpear/?url=http%3A%2F%2Fjblive.videocdn.scaleengine.net%2Fjb-live%2Fplay%2Fjblive.stream%2Fplaylist.m3u8&amp;mode=12&quot;)</favourite>
<favourite name="[COLOR red]KABC-TV[COLOR yellow]-(Channel Pear)[/COLOR][/COLOR]" thumb="http://channelpear.com/images/media/7292.gif">PlayMedia(&quot;plugin://plugin.video.channelpear/?url=http%3A%2F%2Fcontent.uplynk.com%2Fchannel%2Fext%2F2118d9222a87420ab69223af9cfa0a0f%2FKABCwatch.m3u8%3Ftc%3D1%26amp%3Bexp%3D1439703901894%26amp%3Brn%3D3033.3136915735004%26amp%3Bct%3Dc%26amp%3Boid%3D2118d9222a87420ab69223af9cfa0a0f%26amp%3Beid%3DKABCwatch%26amp%3Bad%3Dwatchkabclive%26amp%3Bad.kv%3Dstation%252Ckabc%26amp%3Bad.adUnit%3Dmidroll%26amp%3Bad.flex%3D0%26amp%3Bad._v%3D2%26amp%3Bsig%3D402044584cc119a23f0363f8f4c059e65f22470d56693ac575bf9aa6c3ef2f10&amp;mode=12&quot;)</favourite>
<favourite name="[COLOR red]Kerrang! TV[COLOR yellow]-(Channel Pear)[/COLOR][/COLOR]" thumb="http://channelpear.com/images/media/847.jpg">PlayMedia(&quot;plugin://plugin.video.channelpear/?url=http%3A%2F%2Fcsm-e.tm.yospace.com%2Fcsm%2Flive%2F78581309.m3u8&amp;mode=12&quot;)</favourite>
<favourite name="[COLOR red]KFSN-TV[COLOR yellow]-(Channel Pear)[/COLOR][/COLOR]" thumb="http://channelpear.com/images/media/7297.jpg">PlayMedia(&quot;plugin://plugin.video.channelpear/?url=http%3A%2F%2Fcontent.uplynk.com%2Fchannel%2Fext%2F96195dc445894d079a91958abba8d3af%2FKFSNwatch.m3u8%3Ftc%3D1%26amp%3Bexp%3D1439703901881%26amp%3Brn%3D5042.0915243082545%26amp%3Bct%3Dc%26amp%3Boid%3D96195dc445894d079a91958abba8d3af%26amp%3Beid%3DKFSNwatch%26amp%3Bad%3Dwatchkfsnlive%26amp%3Bad.kv%3Dstation%252Ckfsn%26amp%3Bad.adUnit%3Dmidroll%26amp%3Bad.flex%3D0%26amp%3Bad._v%3D2%26amp%3Bsig%3Df06ebd36c2f02e37fc71730580b111e71b33b3364880eff81fe902033b3dbc2a&amp;mode=12&quot;)</favourite>
<favourite name="[COLOR red]King of the Hill 24/7[COLOR yellow]-(Channel Pear)[/COLOR][/COLOR]" thumb="http://channelpear.com/images/media/1578.jpg">PlayMedia(&quot;plugin://plugin.video.channelpear/?url=http%3A%2F%2Frtmp2.arconaitv.me%2Flive%2FhpaKXor7KFxwJsReVM_Ukw%2F1439710150%2Fkh.m3u8&amp;mode=12&quot;)</favourite>
<favourite name="[COLOR red]Kiss TV[COLOR yellow]-(Channel Pear)[/COLOR][/COLOR]" thumb="http://www.ranklogos.com/wp-content/uploads/2012/04/kiss-tv-logo-1.jpg">PlayMedia(&quot;plugin://plugin.video.channelpear/?url=http%3A%2F%2Fcsm-e.cds1.yospace.com%2Fcsm%2Flive%2F86561716.m3u8&amp;mode=12&quot;)</favourite>
<favourite name="[COLOR red]KTRK-TV[COLOR yellow]-(Channel Pear)[/COLOR][/COLOR]" thumb="http://channelpear.com/images/media/7296.jpg">PlayMedia(&quot;plugin://plugin.video.channelpear/?url=http%3A%2F%2Fcontent.uplynk.com%2Fchannel%2Fext%2F1efe3bfc4d1e4b5db5e5085a535b510b%2FKTRKwatch.m3u8%3Ftc%3D1%26amp%3Bexp%3D1439703900764%26amp%3Brn%3D4669.7142557865955%26amp%3Bct%3Dc%26amp%3Boid%3D1efe3bfc4d1e4b5db5e5085a535b510b%26amp%3Beid%3DKTRKwatch%26amp%3Bad%3Dwatchktrklive%26amp%3Bad.kv%3Dstation%252Cktrk%26amp%3Bad.adUnit%3Dmidroll%26amp%3Bad.flex%3D0%26amp%3Bad._v%3D2%26amp%3Bsig%3Df147dcd46838595d096ebe8752bf5fc681281a8f10713132091256f6129774e8&amp;mode=12&quot;)</favourite>
<favourite name="[COLOR red]KTVU News[COLOR yellow]-(Channel Pear)[/COLOR][/COLOR]" thumb="http://channelpear.com/images/media/4059.jpg">PlayMedia(&quot;plugin://plugin.video.channelpear/?url=http%3A%2F%2Fktvu-lh.akamaihd.net%2Fi%2FKTVU_NEWSCAST%407529%2Fmaster.m3u8&amp;mode=12&quot;)</favourite>
<favourite name="[COLOR red]LMN[COLOR yellow]-(Channel Pear)[/COLOR][/COLOR]" thumb="http://channelpear.com/images/media/8014.png">PlayMedia(&quot;plugin://plugin.video.channelpear/?url=http%3A%2F%2F167.114.101.188%3A1935%2Fflu555%2F_definst_%2Flmn%2Fplaylist.m3u8%3Ftoken%3D&amp;mode=12&quot;)</favourite>
<favourite name="[COLOR red]London Live[COLOR yellow]-(Channel Pear)[/COLOR][/COLOR]" thumb="http://i.imgur.com/xFepWrG.jpg">PlayMedia(&quot;plugin://plugin.video.channelpear/?url=http%3A%2F%2Fbcoveliveios-i.akamaihd.net%2Fhls%2Flive%2F217434%2F3083279840001%2Fmaster_900.m3u8&amp;mode=12&quot;)</favourite>
<favourite name="[COLOR red]Magic TV[COLOR yellow]-(Channel Pear)[/COLOR][/COLOR]" thumb="http://i.imgur.com/za52YxW.jpg">PlayMedia(&quot;plugin://plugin.video.channelpear/?url=http%3A%2F%2Fcsm-e.cds1.yospace.com%2Fcsm%2Flive%2F86561776.m3u8&amp;mode=12&quot;)</favourite>
<favourite name="[COLOR red]MBC 2[COLOR yellow]-(Channel Pear)[/COLOR][/COLOR]" thumb="http://channelpear.com/images/media/3861.png">PlayMedia(&quot;plugin://plugin.video.channelpear/?url=http%3A%2F%2F63.237.48.3%2Fios%2FMBC2%2FMBC2.m3u8&amp;mode=12&quot;)</favourite>
<favourite name="[COLOR red]MBC 4[COLOR yellow]-(Channel Pear)[/COLOR][/COLOR]" thumb="http://channelpear.com/images/media/3863.jpg">PlayMedia(&quot;plugin://plugin.video.channelpear/?url=http%3A%2F%2F63.237.48.3%2Fios%2FMBC_4%2FMBC_4.m3u8&amp;mode=12&quot;)</favourite>
<favourite name="[COLOR red]MBC Action[COLOR yellow]-(Channel Pear)[/COLOR][/COLOR]" thumb="http://channelpear.com/images/media/3860.jpg">PlayMedia(&quot;plugin://plugin.video.channelpear/?url=http%3A%2F%2F63.237.48.3%2Fios%2FMBC_ACTION%2FMBC_ACTION.m3u8&amp;mode=12&quot;)</favourite>
<favourite name="[COLOR red]MBC Max[COLOR yellow]-(Channel Pear)[/COLOR][/COLOR]" thumb="http://channelpear.com/images/media/3864.jpg">PlayMedia(&quot;plugin://plugin.video.channelpear/?url=http%3A%2F%2F63.237.48.3%2Fios%2FMBC_MAX%2FMBC_MAX.m3u8&amp;mode=12&quot;)</favourite>
<favourite name="[COLOR red]MBC Pro Sports 1[COLOR yellow]-(Channel Pear)[/COLOR][/COLOR]" thumb="http://i.imgur.com/YRdNjIq.png">PlayMedia(&quot;plugin://plugin.video.channelpear/?url=http%3A%2F%2Fmbcprosports03-live.hls.adaptive.level3.net%2Fhls-live%2Fmbc-mbcprosports01%2F_definst_%2Flive.m3u8&amp;mode=12&quot;)</favourite>
<favourite name="[COLOR red]MediaCorp Channel 5[COLOR yellow]-(Channel Pear)[/COLOR][/COLOR]" thumb="http://channelpear.com/images/media/7141.jpg">PlayMedia(&quot;plugin://plugin.video.channelpear/?url=http%3A%2F%2Fd1g7sccev8onz8.cloudfront.net%2Fdvrcf%2Fsmil%3A87ch5.smil%2Fplaylist.m3u8&amp;mode=12&quot;)</favourite>
<favourite name="[COLOR red]Melody Channel TV[COLOR yellow]-(Channel Pear)[/COLOR][/COLOR]" thumb="http://channelpear.com/images/media/5684.png">PlayMedia(&quot;plugin://plugin.video.channelpear/?url=http%3A%2F%2F186.155.200.118%3A1935%2Flive%2FMelodyChannel%2Fplaylist.m3u8&amp;mode=12&quot;)</favourite>
<favourite name="[COLOR red]More4[COLOR yellow]-(Channel Pear)[/COLOR][/COLOR]" thumb="http://channelpear.com/images/media/2319.png">PlayMedia(&quot;plugin://plugin.video.channelpear/?url=http%3A%2F%2F81.92.105.134%3A5555%2Fpl.m3u8%3Fchannel%3D94&amp;mode=12&quot;)</favourite>
<favourite name="[COLOR red]Movies 2 24/7[COLOR yellow]-(Channel Pear)[/COLOR][/COLOR]" thumb="http://channelpear.com/images/media/3562.jpg">PlayMedia(&quot;plugin://plugin.video.channelpear/?url=http%3A%2F%2Frtmp2.arconaitv.me%2Flive%2FomKKRhKPhqlcGcxN3UbE9w%2F1439711049%2Fmv.m3u8&amp;mode=12&quot;)</favourite>
<favourite name="[COLOR red]MTV AM[COLOR yellow]-(Channel Pear)[/COLOR][/COLOR]" thumb="http://channelpear.com/images/media/6515.jpg">PlayMedia(&quot;plugin://plugin.video.channelpear/?url=http%3A%2F%2Fmtvam.ru%2Fhlsam%2Fplaylist.m3u8&amp;mode=12&quot;)</favourite>
<favourite name="[COLOR red]Mystery Science Theater 3000 24/7[COLOR yellow]-(Channel Pear)[/COLOR][/COLOR]" thumb="http://channelpear.com/images/media/2218_1.png">PlayMedia(&quot;plugin://plugin.video.channelpear/?url=http%3A%2F%2Fiphone-streaming.ustream.tv%2Fuhls%2F16843506%2Fstreams%2Flive%2Fiphone%2Fplaylist.m3u8&amp;mode=12&quot;)</favourite>
<favourite name="[COLOR red]NASA TV[COLOR yellow]-(Channel Pear)[/COLOR][/COLOR]" thumb="http://channelpear.com/images/media/3807.jpg">PlayMedia(&quot;plugin://plugin.video.channelpear/?url=http%3A%2F%2Fiphone-streaming.ustream.tv%2FustreamVideo%2F6540154%2Fstreams%2Flive%2Fplaylist.m3u8&amp;mode=12&quot;)</favourite>
<favourite name="[COLOR red]NBA TV[COLOR yellow]-(Channel Pear)[/COLOR][/COLOR]" thumb="http://channelpear.com/images/media/1838.jpg">PlayMedia(&quot;plugin://plugin.video.channelpear/?url=http%3A%2F%2F192.99.39.240%3A1935%2Fflu555%2F_definst_%2Fnbatv%2Fplaylist.m3u8%3Ftoken%3D&amp;mode=12&quot;)</favourite>
<favourite name="[COLOR red]NBC Sports Network[COLOR yellow]-(Channel Pear)[/COLOR][/COLOR]" thumb="http://channelpear.com/images/media/1731.jpg">PlayMedia(&quot;plugin://plugin.video.channelpear/?url=http%3A%2F%2Ftvenbcsn-i.Akamaihd.net%2Fhls%2Flive%2F218235%2Fnbcsnx%2F2596k%2Fprog.m3u8&amp;mode=12&quot;)</favourite>
<favourite name="[COLOR red]NFL Network[COLOR yellow]-(Channel Pear)[/COLOR][/COLOR]" thumb="http://channelpear.com/images/media/1222.jpg">PlayMedia(&quot;plugin://plugin.video.channelpear/?url=http%3A%2F%2Fnflsvgatlgame3-i.akamaihd.net%2Fhls%2Flive%2F223175%2FNFL_Mobile%2F2015Mobile_NFLN.m3u8&amp;mode=12&quot;)</favourite>
<favourite name="[COLOR red]NHK World[COLOR yellow]-(Channel Pear)[/COLOR][/COLOR]" thumb="http://channelpear.com/images/media/80.jpg">PlayMedia(&quot;plugin://plugin.video.channelpear/?url=http%3A%2F%2F173.192.105.226%2Fkqcsmbqna6yg%2Fnhkworld_all%2Fkqcsmbqna6yg%2Fnhkworld_576p%2Fchunks.m3u8&amp;mode=12&quot;)</favourite>
<favourite name="[COLOR red]Off the Air 24/7[COLOR yellow]-(Channel Pear)[/COLOR][/COLOR]" thumb="http://channelpear.com/images/media/4974.jpg">PlayMedia(&quot;plugin://plugin.video.channelpear/?url=http%3A%2F%2Fadultswim-lh.akamaihd.net%2Fi%2Fadultswim_5%40156963%2Fmaster.m3u8&amp;mode=12&quot;)</favourite>
<favourite name="[COLOR red]Okto[COLOR yellow]-(Channel Pear)[/COLOR][/COLOR]" thumb="http://channelpear.com/images/media/7142.jpg">PlayMedia(&quot;plugin://plugin.video.channelpear/?url=http%3A%2F%2Fd1g7sccev8onz8.cloudfront.net%2Fdvrcf%2Fsmil%3A87okto.smil%2Fplaylist.m3u8&amp;mode=12&quot;)</favourite>
<favourite name="[COLOR red]ONYX Movies HD[COLOR yellow]-(Channel Pear)[/COLOR][/COLOR]" thumb="http://channelpear.com/images/media/4567.png">PlayMedia(&quot;plugin://plugin.video.channelpear/?url=http%3A%2F%2F63.237.48.3%2Fios%2FONYX_HD%2FONYX_HD.m3u8&amp;mode=12&quot;)</favourite>
<favourite name="[COLOR red]Pac-12 Arizona[COLOR yellow]-(Channel Pear)[/COLOR][/COLOR]" thumb="http://i.imgur.com/PLjqD6p.png">PlayMedia(&quot;plugin://plugin.video.channelpear/?url=http%3A%2F%2Fpac12hd2-lh.akamaihd.net%2Fi%2Fp12ariz_delivery%40132836%2Findex_282_av-b.m3u8%3F&amp;mode=12&quot;)</favourite>
<favourite name="[COLOR red]Pac-12 Bay Area[COLOR yellow]-(Channel Pear)[/COLOR][/COLOR]" thumb="http://i.imgur.com/H4aefdH.png">PlayMedia(&quot;plugin://plugin.video.channelpear/?url=http%3A%2F%2Fpac12hd2-lh.akamaihd.net%2Fi%2Fp12baya_delivery%40132837%2Findex_4728_av-p.m3u8%3F&amp;mode=12&quot;)</favourite>
<favourite name="[COLOR red]Pac-12 Los Angeles[COLOR yellow]-(Channel Pear)[/COLOR][/COLOR]" thumb="http://i.imgur.com/5JS9Zt7.png">PlayMedia(&quot;plugin://plugin.video.channelpear/?url=http%3A%2F%2Fpac12hd2-lh.akamaihd.net%2Fi%2Fp12losa_delivery%40132838%2Findex_4728_av-p.m3u8%3F&amp;mode=12&quot;)</favourite>
<favourite name="[COLOR red]Pac-12 Mountain[COLOR yellow]-(Channel Pear)[/COLOR][/COLOR]" thumb="http://i.imgur.com/NB8khid.png">PlayMedia(&quot;plugin://plugin.video.channelpear/?url=http%3A%2F%2Fpac12hd2-lh.akamaihd.net%2Fi%2Fp12moun_delivery%40132839%2Findex_4728_av-p.m3u8%3F&amp;mode=12&quot;)</favourite>
<favourite name="[COLOR red]Pac-12 National[COLOR yellow]-(Channel Pear)[/COLOR][/COLOR]" thumb="http://i.imgur.com/qGufmm6.jpg">PlayMedia(&quot;plugin://plugin.video.channelpear/?url=http%3A%2F%2Fpac12hd2-lh.akamaihd.net%2Fi%2Fp12netw_delivery%40132840%2Findex_4728_av-p.m3u8%3F&amp;mode=12&quot;)</favourite>
<favourite name="[COLOR red]Pac-12 Oregon[COLOR yellow]-(Channel Pear)[/COLOR][/COLOR]" thumb="http://i.imgur.com/zY8yhaW.png">PlayMedia(&quot;plugin://plugin.video.channelpear/?url=http%3A%2F%2Fpac12hd2-lh.akamaihd.net%2Fi%2Fp12oreg_delivery%40132835%2Findex_4728_av-p.m3u8%3F&amp;mode=12&quot;)</favourite>
<favourite name="[COLOR red]Pac-12 Washington[COLOR yellow]-(Channel Pear)[/COLOR][/COLOR]" thumb="http://i.imgur.com/Taw7ug2.png">PlayMedia(&quot;plugin://plugin.video.channelpear/?url=http%3A%2F%2Fpac12hd2-lh.akamaihd.net%2Fi%2Fp12wash_delivery%40132841%2Findex_4728_av-b.m3u8%3F&amp;mode=12&quot;)</favourite>
<favourite name="[COLOR red]Party TV[COLOR yellow]-(Channel Pear)[/COLOR][/COLOR]" thumb="http://i.imgur.com/Z6den78.jpg">PlayMedia(&quot;plugin://plugin.video.channelpear/?url=http%3A%2F%2F149.11.34.6%3A1935%2Flive%2Fpartytv.stream%2Fplaylist.m3u8&amp;mode=12&quot;)</favourite>
<favourite name="[COLOR red]PBS[COLOR yellow]-(Channel Pear)[/COLOR][/COLOR]" thumb="http://channelpear.com/images/media/1236.jpg">PlayMedia(&quot;plugin://plugin.video.channelpear/?url=http%3A%2F%2F128.104.144.134%2FWisconsinChannel%2Fmystream%2Fplaylist.m3u8&amp;mode=12&quot;)</favourite>
<favourite name="[COLOR red]Press TV[COLOR yellow]-(Channel Pear)[/COLOR][/COLOR]" thumb="http://i.imgur.com/UjIHTlp.jpg">PlayMedia(&quot;plugin://plugin.video.channelpear/?url=http%3A%2F%2Fwpc.C1A9.edgecastcdn.net%2Fhls-live%2F20C1A9%2Fpresstv%2Fls_fiber%2Fb_%2C264%2C528%2C828%2C.m3u8&amp;mode=12&quot;)</favourite>
<favourite name="[COLOR red]Psychic Today[COLOR yellow]-(Channel Pear)[/COLOR][/COLOR]" thumb="http://channelpear.com/images/media/1705.png">PlayMedia(&quot;plugin://plugin.video.channelpear/?url=http%3A%2F%2Ffast-fortress-4864.herokuapp.com%2F204.107.26.252%3A1935%2Flive%2F1711.high.stream%2FHasBahCa.m3u8&amp;mode=12&quot;)</favourite>
<favourite name="[COLOR red]QVC Beauty[COLOR yellow]-(Channel Pear)[/COLOR][/COLOR]" thumb="http://channelpear.com/images/media/4084.jpg">PlayMedia(&quot;plugin://plugin.video.channelpear/?url=http%3A%2F%2Fllnw.live.qvc.simplestream.com%2Fhera%2Fremote%2Fqvcuk_primary_sdi6%2F1%2Fprog_index.m3u8&amp;mode=12&quot;)</favourite>
<favourite name="[COLOR red]QVC Plus[COLOR yellow]-(Channel Pear)[/COLOR][/COLOR]" thumb="http://channelpear.com/images/media/4086.png">PlayMedia(&quot;plugin://plugin.video.channelpear/?url=http%3A%2F%2Fllnw.live.qvc.simplestream.com%2Fhera%2Fremote%2Fqvcuk_primary_sdi1%2F1%2Fprog_index.m3u8&amp;mode=12&quot;)</favourite>
<favourite name="[COLOR red]QVC Style[COLOR yellow]-(Channel Pear)[/COLOR][/COLOR]" thumb="http://channelpear.com/images/media/4085.png">PlayMedia(&quot;plugin://plugin.video.channelpear/?url=http%3A%2F%2Fllnw.live.qvc.simplestream.com%2Fhera%2Fremote%2Fqvcuk_primary_sdi8%2F3%2Fprog_index.m3u8&amp;mode=12&quot;)</favourite>
<favourite name="[COLOR red]QVC UK[COLOR yellow]-(Channel Pear)[/COLOR][/COLOR]" thumb="http://channelpear.com/images/media/4083.png">PlayMedia(&quot;plugin://plugin.video.channelpear/?url=http%3A%2F%2Fllnw.live.qvc.simplestream.com%2Fhera%2Fremote%2Fqvcuk_primary_sdi5%2F1%2Fprog_index.m3u8&amp;mode=12&quot;)</favourite>
<favourite name="[COLOR red]Radio 105 TV[COLOR yellow]-(Channel Pear)[/COLOR][/COLOR]" thumb="http://3.bp.blogspot.com/-sKlv6hvLtfE/USFot5aoWAI/AAAAAAAADPE/0gBmihlUC4c/s1600/rad.jpg">PlayMedia(&quot;plugin://plugin.video.channelpear/?url=http%3A%2F%2Fserv07.vintera.tv%3A1935%2Frestream%2F105tv.stream%2Fplaylist.m3u8&amp;mode=12&quot;)</favourite>
<favourite name="[COLOR red]Radio Iglesias[COLOR yellow]-(Channel Pear)[/COLOR][/COLOR]" thumb="http://channelpear.com/images/media/6908.jpg">PlayMedia(&quot;plugin://plugin.video.channelpear/?url=http%3A%2F%2Fwms.shared.streamshow.it%3A80%2Fvisualradio%2Fvisualradio%2Fchunklist.m3u8&amp;mode=12&quot;)</favourite>
<favourite name="[COLOR red]Radio Monte Carlo TV[COLOR yellow]-(Channel Pear)[/COLOR][/COLOR]" thumb="http://channelpear.com/images/media/5686.jpg">PlayMedia(&quot;plugin://plugin.video.channelpear/?url=http%3A%2F%2Ffms.105.net%3A1935%2Flive%2Frmc1%2Fplaylist.m3u8&amp;mode=12&quot;)</favourite>
<favourite name="[COLOR red]RadioU TV[COLOR yellow]-(Channel Pear)[/COLOR][/COLOR]" thumb="http://channelpear.com/images/media/5075.jpg">PlayMedia(&quot;plugin://plugin.video.channelpear/?url=http%3A%2F%2Fcdn.rbm.tv%2Frightbrainmedia-live-109%2F_definst_%2Fmp4%3Aradioutv2%2F.m3u8&amp;mode=12&quot;)</favourite>
<favourite name="[COLOR red]RCTI[COLOR yellow]-(Channel Pear)[/COLOR][/COLOR]" thumb="http://channelpear.com/images/media/6091.png">PlayMedia(&quot;plugin://plugin.video.channelpear/?url=http%3A%2F%2Flivemedia.mncplaymedia.net%2Fcdn%2Fiptv%2FTvod%2F001%2Fchannel2000042%2F1024.m3u8&amp;mode=12&quot;)</favourite>
<favourite name="[COLOR red]Rebel TV[COLOR yellow]-(Channel Pear)[/COLOR][/COLOR]" thumb="http://channelpear.com/images/media/5805.png">PlayMedia(&quot;plugin://plugin.video.channelpear/?url=http%3A%2F%2F95.211.203.5%2Flive%2Frebel.stream%2Fplaylist.m3u8&amp;mode=12&quot;)</favourite>
<favourite name="[COLOR red]Regular Show 24/7[COLOR yellow]-(Channel Pear)[/COLOR][/COLOR]" thumb="http://channelpear.com/images/media/6569.jpg">PlayMedia(&quot;plugin://plugin.video.channelpear/?url=http%3A%2F%2Frtmp1.arconaitv.me%2Flive%2FBrsJhMCcibJTarlKcsCWHA%2F1439711049%2Fregular.m3u8&amp;mode=12&quot;)</favourite>
<favourite name="[COLOR red]Retro 24/7[COLOR yellow]-(Channel Pear)[/COLOR][/COLOR]" thumb="http://channelpear.com/images/media/7185.jpg">PlayMedia(&quot;plugin://plugin.video.channelpear/?url=http%3A%2F%2Fedge.streamspot.com%3A1935%2Flive2%2F247retd41a%2Fplaylist.m3u8&amp;mode=12&quot;)</favourite>
<favourite name="[COLOR red]RETV[COLOR yellow]-(Channel Pear)[/COLOR][/COLOR]" thumb="http://channelpear.com/images/media/5597.jpg">PlayMedia(&quot;plugin://plugin.video.channelpear/?url=http%3A%2F%2Frjr_flash-lh.akamaihd.net%2Fi%2FretvD_1%4039668%2Fmaster.m3u8&amp;mode=12&quot;)</favourite>
<favourite name="[COLOR red]Rouge TV[COLOR yellow]-(Channel Pear)[/COLOR][/COLOR]" thumb="http://i.imgur.com/ngS3cUQ.jpg">PlayMedia(&quot;plugin://plugin.video.channelpear/?url=http%3A%2F%2Frtmp.infomaniak.ch%2Flivecast%2Frougetv%2Fplaylist.m3u8&amp;mode=12&quot;)</favourite>
<favourite name="[COLOR red]RT America[COLOR yellow]-(Channel Pear)[/COLOR][/COLOR]" thumb="http://i.imgur.com/Qtpm9W2.png">PlayMedia(&quot;plugin://plugin.video.channelpear/?url=http%3A%2F%2Frt.ashttp6.visionip.tv%2Flive%2FRT_America-HD%2Fchunklist.m3u8&amp;mode=12&quot;)</favourite>
<favourite name="[COLOR red]RT Arabic[COLOR yellow]-(Channel Pear)[/COLOR][/COLOR]" thumb="http://channelpear.com/images/media/1020.png">PlayMedia(&quot;plugin://plugin.video.channelpear/?url=http%3A%2F%2Fodna.octoshape.net%2Ff3f5m2v4%2Fcds%2Fch3_720p%2Fchunklist.m3u8&amp;mode=12&quot;)</favourite>
<favourite name="[COLOR red]RT Documentary[COLOR yellow]-(Channel Pear)[/COLOR][/COLOR]" thumb="http://i.imgur.com/8i73Fnl.jpg">PlayMedia(&quot;plugin://plugin.video.channelpear/?url=http%3A%2F%2Fodna.octoshape.net%2Ff3f5m2v4%2Fcds%2Fch5_720p%2Fchunklist.m3u8&amp;mode=12&quot;)</favourite>
<favourite name="[COLOR red]RT[COLOR yellow]-(Channel Pear)[/COLOR][/COLOR]" thumb="http://channelpear.com/images/media/3889.png">PlayMedia(&quot;plugin://plugin.video.channelpear/?url=http%3A%2F%2Frt.ashttp6.visionip.tv%2Flive%2FRT_Global-SD%2Fchunklist.m3u8&amp;mode=12&quot;)</favourite>
<favourite name="[COLOR red]Samurai Jack 24/7[COLOR yellow]-(Channel Pear)[/COLOR][/COLOR]" thumb="http://channelpear.com/images/media/6570.jpg">PlayMedia(&quot;plugin://plugin.video.channelpear/?url=http%3A%2F%2Frtmp1.arconaitv.me%2Flive%2FrrzsC4X4mFtpl1uMLXm99g%2F1439711049%2Fsj.m3u8&amp;mode=12&quot;)</favourite>
<favourite name="[COLOR red]Seattle Channel[COLOR yellow]-(Channel Pear)[/COLOR][/COLOR]" thumb="http://channelpear.com/images/media/4122.jpg">PlayMedia(&quot;plugin://plugin.video.channelpear/?url=http%3A%2F%2Fvideo.seattle.gov%2Fhls-live%2Flivepkgr%2F_definst_%2Fchannelevent%2FChannelLiveHD3.m3u8&amp;mode=12&quot;)</favourite>
<favourite name="[COLOR red]Seinfeld 24/7[COLOR yellow]-(Channel Pear)[/COLOR][/COLOR]" thumb="http://channelpear.com/images/media/1287.JPG">PlayMedia(&quot;plugin://plugin.video.channelpear/?url=http%3A%2F%2Frtmp1.arconaitv.me%2Flive%2FoVbCsDY_BTChb8ou3GWquA%2F1439710149%2Fsein.m3u8&amp;mode=12&quot;)</favourite>
<favourite name="[COLOR red]Simpsons 24/7[COLOR yellow]-(Channel Pear)[/COLOR][/COLOR]" thumb="http://channelpear.com/images/media/1347.jpg">PlayMedia(&quot;plugin://plugin.video.channelpear/?url=http%3A%2F%2Fveetle.com%2Findex.php%2Fhls%2FstreamMbrfast%2F52dada61bdf13_%2Fstream.m3u8&amp;mode=12&quot;)</favourite>
<favourite name="[COLOR red]Sky News[COLOR yellow]-(Channel Pear)[/COLOR][/COLOR]" thumb="http://channelpear.com/images/skynews.jpg">PlayMedia(&quot;plugin://plugin.video.channelpear/?url=http%3A%2F%2Fwpc.c1a9.edgecastcdn.net%2Fhls-live%2F20C1A9%2Fskynews%2Fls_satlink%2Fb_%2C264%2C528%2C828%2C.m3u8&amp;mode=12&quot;)</favourite>
<favourite name="[COLOR red]Sky News[COLOR yellow]-(Channel Pear)[/COLOR][/COLOR]" thumb="http://i.imgur.com/FQNyGvA.jpg">PlayMedia(&quot;plugin://plugin.video.channelpear/?url=http%3A%2F%2F81.92.105.134%3A5555%2Fpl.m3u8%3Fchannel%3D310&amp;mode=12&quot;)</favourite>
<favourite name="[COLOR red]Smash Hits[COLOR yellow]-(Channel Pear)[/COLOR][/COLOR]" thumb="http://en.kingofsat.net/jpg/smash-hits.jpg">PlayMedia(&quot;plugin://plugin.video.channelpear/?url=http%3A%2F%2Fcsm-e.cds1.yospace.com%2Fcsm%2Flive%2F86561609.m3u8&amp;mode=12&quot;)</favourite>
<favourite name="[COLOR red]South Park 24/7[COLOR yellow]-(Channel Pear)[/COLOR][/COLOR]" thumb="http://channelpear.com/images/media/1445.jpg">PlayMedia(&quot;plugin://plugin.video.channelpear/?url=http%3A%2F%2Frtmp2.arconaitv.me%2Flive%2FO32RHn7ojTP3CETAcX857A%2F1439710150%2Fsp.m3u8&amp;mode=12&quot;)</favourite>
<favourite name="[COLOR red]Sportsnet 360[COLOR yellow]-(Channel Pear)[/COLOR][/COLOR]" thumb="http://channelpear.com/images/media/2217.png">PlayMedia(&quot;plugin://plugin.video.channelpear/?url=http%3A%2F%2Fnlds187.cdnak.neulion.com%2Fnlds%2Fsportsnetnow%2Fsn_360%2Fas%2Flive%2Fsn_360_hd_ipad.m3u8&amp;mode=12&quot;)</favourite>
<favourite name="[COLOR red]Star Movies HD[COLOR yellow]-(Channel Pear)[/COLOR][/COLOR]" thumb="http://channelpear.com/images/media/2553.jpg">PlayMedia(&quot;plugin://plugin.video.channelpear/?url=http%3A%2F%2F113.160.49.34%2Flives%2Forigin03%2Fmoviehd.isml%2Fmoviehd-2096k.m3u8&amp;mode=12&quot;)</favourite>
<favourite name="[COLOR red]Star Trek: TNG 24/7[COLOR yellow]-(Channel Pear)[/COLOR][/COLOR]" thumb="http://channelpear.com/images/media/1585.jpg">PlayMedia(&quot;plugin://plugin.video.channelpear/?url=http%3A%2F%2Fveetle.com%2Findex.php%2Fhls%2FstreamMbrfast%2F51e482fa02883_%2Fstream.m3u8&amp;mode=12&quot;)</favourite>
<favourite name="[COLOR red]Star Trek: Voyager 24/7[COLOR yellow]-(Channel Pear)[/COLOR][/COLOR]" thumb="http://channelpear.com/images/media/1746.png">PlayMedia(&quot;plugin://plugin.video.channelpear/?url=http%3A%2F%2Fveetle.com%2Findex.php%2Fhls%2FstreamMbrfast%2F4fe757ab24517_%2Fstream.m3u8&amp;mode=12&quot;)</favourite>
<favourite name="[COLOR red]Subtv[COLOR yellow]-(Channel Pear)[/COLOR][/COLOR]" thumb="http://i.imgur.com/EJ2cZoy.jpg">PlayMedia(&quot;plugin://plugin.video.channelpear/?url=http%3A%2F%2Fsrv1.cdn.tvcatchup.com%2Fsubtv.m3u8%3Fst%3D-W5igJBMpP2rd7HBc9Z_hg%26amp%3Be%3D1420200518&amp;mode=12&quot;)</favourite>
<favourite name="[COLOR red]Syfy[COLOR yellow]-(Channel Pear)[/COLOR][/COLOR]" thumb="http://channelpear.com/images/media/875.png">PlayMedia(&quot;plugin://plugin.video.channelpear/?url=http%3A%2F%2F192.99.39.240%3A1935%2Fflu555%2F_definst_%2Fsyfy%2Fplaylist.m3u8%3Ftoken%3D&amp;mode=12&quot;)</favourite>
<favourite name="[COLOR red]TBN[COLOR yellow]-(Channel Pear)[/COLOR][/COLOR]" thumb="http://channelpear.com/images/media/7137.jpg">PlayMedia(&quot;plugin://plugin.video.channelpear/?url=http%3A%2F%2Facaooyalahd2-lh.akamaihd.net%2Fi%2FTBN01_delivery%40186239%2Findex_2528_av-p.m3u8%3Fsd%3D10%26amp%3Brebase%3Don&amp;mode=12&quot;)</favourite>
<favourite name="[COLOR red]TBS[COLOR yellow]-(Channel Pear)[/COLOR][/COLOR]" thumb="http://channelpear.com/images/media/3187.jpg">PlayMedia(&quot;plugin://plugin.video.channelpear/?url=http%3A%2F%2F192.99.19.98%3A1935%2Fflu555%2F_definst_%2Ftbs%2Fplaylist.m3u8%3Ftoken%3D&amp;mode=12&quot;)</favourite>
<favourite name="[COLOR red]The Florida Channel[COLOR yellow]-(Channel Pear)[/COLOR][/COLOR]" thumb="http://channelpear.com/images/media/3750.jpg">PlayMedia(&quot;plugin://plugin.video.channelpear/?url=http%3A%2F%2Fwebcasting.thefloridachannel.org%2Flive%2Ftvweb1%2Fplaylist.m3u8&amp;mode=12&quot;)</favourite>
<favourite name="[COLOR red]The Office 24/7[COLOR yellow]-(Channel Pear)[/COLOR][/COLOR]" thumb="http://channelpear.com/images/media/1747.jpg">PlayMedia(&quot;plugin://plugin.video.channelpear/?url=http%3A%2F%2Frtmp1.arconaitv.me%2Flive%2FhLpUM5lfp8AismXsbhpImg%2F1439710150%2Foffice.m3u8&amp;mode=12&quot;)</favourite>
<favourite name="[COLOR red]The Venture Bros. 24/7[COLOR yellow]-(Channel Pear)[/COLOR][/COLOR]" thumb="http://channelpear.com/images/media/4835.jpg">PlayMedia(&quot;plugin://plugin.video.channelpear/?url=http%3A%2F%2Fadultswim-lh.akamaihd.net%2Fi%2Fadultswim_4%40318519%2Fmaster.m3u8&amp;mode=12&quot;)</favourite>
<favourite name="[COLOR red]Tim and Eric 24/7[COLOR yellow]-(Channel Pear)[/COLOR][/COLOR]" thumb="http://channelpear.com/images/media/4874.png">PlayMedia(&quot;plugin://plugin.video.channelpear/?url=http%3A%2F%2Fadultswim-lh.akamaihd.net%2Fi%2Ftimanderic_1%40128223%2Fmaster.m3u8&amp;mode=12&quot;)</favourite>
<favourite name="[COLOR red]TNT[COLOR yellow]-(Channel Pear)[/COLOR][/COLOR]" thumb="http://channelpear.com/images/media/1593.png">PlayMedia(&quot;plugin://plugin.video.channelpear/?url=http%3A%2F%2F167.114.156.30%3A1935%2Fflu555%2F_definst_%2Ftnt%2Fplaylist.m3u8%3Ftoken%3D&amp;mode=12&quot;)</favourite>
<favourite name="[COLOR red]Toonami Aftermath[COLOR yellow]-(Channel Pear)[/COLOR][/COLOR]" thumb="http://channelpear.com/images/media/6577.jpg">PlayMedia(&quot;plugin://plugin.video.channelpear/?url=http%3A%2F%2Fiphone-streaming.ustream.tv%2Fuhls%2F19964352%2Fstreams%2Flive%2Fiphone%2Fplaylist.m3u8&amp;mode=12&quot;)</favourite>
<favourite name="[COLOR red]Trace Urban[COLOR yellow]-(Channel Pear)[/COLOR][/COLOR]" thumb="http://olorisupergal.com/wp-content/uploads/2012/10/trace.jpg">PlayMedia(&quot;plugin://plugin.video.channelpear/?url=http%3A%2F%2F46.249.213.87%2FiPhone%2Fbroadcast%2Ftracetvurban-tablet.3gp%2Ftracetvurban-tablet.3gp-mr647k.m3u8%3Ftrackingid%3D4041670000%26amp%3Bos%3Ddesktop&amp;mode=12&quot;)</favourite>
<favourite name="[COLOR red]TV Africa[COLOR yellow]-(Channel Pear)[/COLOR][/COLOR]" thumb="http://channelpear.com/images/media/6814.jpg">PlayMedia(&quot;plugin://plugin.video.channelpear/?url=http%3A%2F%2Fwpc.12bc9.kappacdn.net%2Fhls-live%2F2012BC9%2Fdefault%2FTvAfrica%2Ftvafrica_1200.m3u8%3F608edfab8a31cdb2906f767923e21035c7696807555fd6f720a8fbf339ecfd61dae2&amp;mode=12&quot;)</favourite>
<favourite name="[COLOR red]TWiT Live[COLOR yellow]-(Channel Pear)[/COLOR][/COLOR]" thumb="http://i.imgur.com/7UZhNXc.jpg">PlayMedia(&quot;plugin://plugin.video.channelpear/?url=http%3A%2F%2Fbglive-a.bitgravity.com%2Ftwit%2Flive%2Fhigh&amp;mode=12&quot;)</favourite>
<favourite name="[COLOR red]U Channel[COLOR yellow]-(Channel Pear)[/COLOR][/COLOR]" thumb="http://channelpear.com/images/media/4486.jpg">PlayMedia(&quot;plugin://plugin.video.channelpear/?url=http%3A%2F%2Fedge.nim.mivo.tv%2Fkqcsmbqna6yg%2Fuchannel_all%2Fplaylist.m3u8&amp;mode=12&quot;)</favourite>
<favourite name="[COLOR red]UCTV[COLOR yellow]-(Channel Pear)[/COLOR][/COLOR]" thumb="http://i.imgur.com/bflZcCw.jpg">PlayMedia(&quot;plugin://plugin.video.channelpear/?url=http%3A%2F%2Fucsdtv-wowza.ucsd.edu%3A1935%2Flive%2Flive_1200%2Fplaylist.m3u8&amp;mode=12&quot;)</favourite>
<favourite name="[COLOR red]USA Network[COLOR yellow]-(Channel Pear)[/COLOR][/COLOR]" thumb="http://channelpear.com/images/media/2737.jpg">PlayMedia(&quot;plugin://plugin.video.channelpear/?url=http%3A%2F%2F192.99.39.240%3A1935%2Fflu555%2F_definst_%2Fusa%2Fplaylist.m3u8%3Ftoken%3D&amp;mode=12&quot;)</favourite>
<favourite name="[COLOR red]VEVO Hip Hop / R&amp;amp;B[COLOR yellow]-(Channel Pear)[/COLOR][/COLOR]" thumb="http://channelpear.com/images/media/4387.jpg">PlayMedia(&quot;plugin://plugin.video.channelpear/?url=http%3A%2F%2Fvevoplaylist-live.hls.adaptive.level3.net%2Fvevo%2Fch2%2F06%2Fprog_index.m3u8&amp;mode=12&quot;)</favourite>
<favourite name="[COLOR red]VEVO[COLOR yellow]-(Channel Pear)[/COLOR][/COLOR]" thumb="http://static.tumblr.com/de275107cee43929588d415bec7e2f57/dybjfpz/mE4mp4190/tumblr_static_vevobadge.jpg">PlayMedia(&quot;plugin://plugin.video.channelpear/?url=http%3A%2F%2Fvevoplaylist-live.hls.adaptive.level3.net%2Fvevo%2Fch3%2F06%2Fprog_index.m3u8&amp;mode=12&quot;)</favourite>
<favourite name="[COLOR red]Virgin Radio TV[COLOR yellow]-(Channel Pear)[/COLOR][/COLOR]" thumb="http://channelpear.com/images/media/3673.gif">PlayMedia(&quot;plugin://plugin.video.channelpear/?url=http%3A%2F%2Fwow01.105.net%2Flive%2Fvirgin1%2Fchunklist.m3u8&amp;mode=12&quot;)</favourite>
<favourite name="[COLOR red]WABC-TV[COLOR yellow]-(Channel Pear)[/COLOR][/COLOR]" thumb="http://channelpear.com/images/media/7291.jpg">PlayMedia(&quot;plugin://plugin.video.channelpear/?url=http%3A%2F%2Fcontent.uplynk.com%2Fchannel%2Fext%2F72750b711f704e4a94b5cfe6dc99f5e1%2FWABCwatch.m3u8%3Ftc%3D1%26amp%3Bexp%3D1439703901840%26amp%3Brn%3D9386.80234682427%26amp%3Bct%3Dc%26amp%3Boid%3D72750b711f704e4a94b5cfe6dc99f5e1%26amp%3Beid%3DWABCwatch%26amp%3Bad%3Dwatchwabclive%26amp%3Bad.kv%3Dstation%252Cwabc%26amp%3Bad.adUnit%3Dmidroll%26amp%3Bad.flex%3D0%26amp%3Bad._v%3D2%26amp%3Bsig%3Dbaeb3b961d63e8529ada3465f45563a34029f435dfbc0da687220d93a890df2f&amp;mode=12&quot;)</favourite>
<favourite name="[COLOR red]WeatherNation[COLOR yellow]-(Channel Pear)[/COLOR][/COLOR]" thumb="http://channelpear.com/images/media/3144.jpg">PlayMedia(&quot;plugin://plugin.video.channelpear/?url=http%3A%2F%2Fcdnapi.kaltura.com%2Fp%2F931702%2Fsp%2F93170200%2FplayManifest%2FentryId%2F1_oorxcge2%2Fformat%2Fapplehttp%2Fprotocol%2Fhttp%2FuiConfId%2F28428751%2Fa.m3u8&amp;mode=12&quot;)</favourite>
<favourite name="[COLOR red]WFTV Channel 9[COLOR yellow]-(Channel Pear)[/COLOR][/COLOR]" thumb="http://channelpear.com/images/media/2845.jpg">PlayMedia(&quot;plugin://plugin.video.channelpear/?url=http%3A%2F%2Fbcoveliveios-i.akamaihd.net%2Fhls%2Flive%2F207141%2F268012959001%2FWFTV_EVENTLIVE1%2FWFTV_EVENTLIVE1_800.m3u8&amp;mode=12&quot;)</favourite>
<favourite name="[COLOR red]WGN Chicago[COLOR yellow]-(Channel Pear)[/COLOR][/COLOR]" thumb="http://i.imgur.com/Rp6PKpt.jpg">PlayMedia(&quot;plugin://plugin.video.channelpear/?url=http%3A%2F%2Fwgntribune-lh.akamaihd.net%2Fi%2FWGNPrimary_1%40304622%2Fmaster.m3u8&amp;mode=12&quot;)</favourite>
<favourite name="[COLOR red]WHDH 7NBC HD[COLOR yellow]-(Channel Pear)[/COLOR][/COLOR]" thumb="http://i.imgur.com/kn8yy1F.png">PlayMedia(&quot;plugin://plugin.video.channelpear/?url=http%3A%2F%2Fwhdh.mpl.miisolutions.net%3A1935%2Fwhdh-live01%2F_definst_%2Fmp4%3Awhdh_1%2Fplaylist.m3u8&amp;mode=12&quot;)</favourite>
<favourite name="[COLOR red]WLS-TV[COLOR yellow]-(Channel Pear)[/COLOR][/COLOR]" thumb="http://channelpear.com/images/media/7293.jpeg">PlayMedia(&quot;plugin://plugin.video.channelpear/?url=http%3A%2F%2Fcontent.uplynk.com%2Fchannel%2Fext%2Faac37e2c66614e699fb189ab391084ff%2FWLSwatch.m3u8%3Ftc%3D1%26amp%3Bexp%3D1439703807194%26amp%3Brn%3D6466.9682508852275%26amp%3Bct%3Dc%26amp%3Boid%3Daac37e2c66614e699fb189ab391084ff%26amp%3Beid%3DWLSwatch%26amp%3Bad%3Dwatchwlslive%26amp%3Bad.kv%3Dstation%252Cwls%26amp%3Bad.adUnit%3Dmidroll%26amp%3Bad.flex%3D0%26amp%3Bad._v%3D2%26amp%3Bsig%3D6dbc1303c7cfeb8a895d8680a3b9c67ee7c085d5f35e840a42d37e8622ec17f0&amp;mode=12&quot;)</favourite>
<favourite name="[COLOR red]Workaholics 24/7[COLOR yellow]-(Channel Pear)[/COLOR][/COLOR]" thumb="http://channelpear.com/images/media/3190.jpg">PlayMedia(&quot;plugin://plugin.video.channelpear/?url=http%3A%2F%2Frtmp1.arconaitv.me%2Flive%2FH1vyr-GmNiCcc2MpMSiZ8w%2F1439711049%2Fws.m3u8&amp;mode=12&quot;)</favourite>
<favourite name="[COLOR red]World Fashion Channel[COLOR yellow]-(Channel Pear)[/COLOR][/COLOR]" thumb="http://channelpear.com/images/media/102.png">PlayMedia(&quot;plugin://plugin.video.channelpear/?url=http%3A%2F%2Fbtv-net.mediacdn.ru%2FTVB7%2Fwfhdeu%2Fplaylist.m3u8&amp;mode=12&quot;)</favourite>
<favourite name="[COLOR red]World Travel Channel[COLOR yellow]-(Channel Pear)[/COLOR][/COLOR]" thumb="http://channelpear.com/images/media/6324_1.jpg">PlayMedia(&quot;plugin://plugin.video.channelpear/?url=http%3A%2F%2Fstream.taksimbilisim.com%3A1935%2Fwtc%2Fbant1%2FWTC.m3u8&amp;mode=12&quot;)</favourite>
<favourite name="[COLOR red]WPVI-TV[COLOR yellow]-(Channel Pear)[/COLOR][/COLOR]" thumb="http://channelpear.com/images/media/7294.jpg">PlayMedia(&quot;plugin://plugin.video.channelpear/?url=http%3A%2F%2Fcontent.uplynk.com%2Fchannel%2Fext%2F10b98e7c615f43a98b180d51797e74aa%2FWPVIwatch.m3u8%3Ftc%3D1%26amp%3Bexp%3D1439703901435%26amp%3Brn%3D2757.3813615978647%26amp%3Bct%3Dc%26amp%3Boid%3D10b98e7c615f43a98b180d51797e74aa%26amp%3Beid%3DWPVIwatch%26amp%3Bad%3Dwatchwpvilive%26amp%3Bad.kv%3Dstation%252Cwpvi%26amp%3Bad.adUnit%3Dmidroll%26amp%3Bad.flex%3D0%26amp%3Bad._v%3D2%26amp%3Bsig%3D5e18c89841f740326e9113ae6fb6b004e5c6b50812f062dfb4fbacb222dbacac&amp;mode=12&quot;)</favourite>
<favourite name="[COLOR red]WTVD[COLOR yellow]-(Channel Pear)[/COLOR][/COLOR]" thumb="http://channelpear.com/images/media/7215.png">PlayMedia(&quot;plugin://plugin.video.channelpear/?url=http%3A%2F%2Fcontent.uplynk.com%2Fchannel%2Fext%2Ff05837c508c44712aa7129d531f7dbe6%2FWTVDwatch.m3u8%3Ftc%3D1%26amp%3Bexp%3D1439703901920%26amp%3Brn%3D2815.85313847482%26amp%3Bct%3Dc%26amp%3Boid%3Df05837c508c44712aa7129d531f7dbe6%26amp%3Beid%3DWTVDwatch%26amp%3Bad%3Dwatchwtvdlive%26amp%3Bad.kv%3Dstation%252Cwtvd%26amp%3Bad.adUnit%3Dmidroll%26amp%3Bad.flex%3D0%26amp%3Bad._v%3D2%26amp%3Bsig%3Df6f569895f5a154249fe651e82a2624a17900fcb0f1379529d79062685f19751&amp;mode=12&quot;)</favourite>
<favourite name="[COLOR red]WXYZ-TV[COLOR yellow]-(Channel Pear)[/COLOR][/COLOR]" thumb="http://channelpear.com/images/media/4278.jpg">PlayMedia(&quot;plugin://plugin.video.channelpear/?url=http%3A%2F%2Fspswxyz-i.akamaihd.net%2Fhls%2Flive%2F203378%2Fanvato%2F348k%2Fprog.m3u8%3Fanv%3D1428346792363%26amp%3BX-Anvato-Adst-Auth%3DJ7VEixU5Z5zgsiCOwKDDDhuAwX49h37NWMVCFr3hUCHNgTxYyuhgN6KQit0%2B5qqh&amp;mode=12&quot;)</favourite>
<favourite name="[COLOR red]Xtreme Impacts[COLOR yellow]-(Channel Pear)[/COLOR][/COLOR]" thumb="http://i.imgur.com/gZHWOIz.png">PlayMedia(&quot;plugin://plugin.video.channelpear/?url=http%3A%2F%2F46.249.213.93%2FiPhone%2Fbroadcast%2Fxtremeimpacts-tablet.3gp%2Fxtremeimpacts-tablet.3gp-mr647k.m3u8&amp;mode=12&quot;)</favourite>
<favourite name="[COLOR red]YES! English TV[COLOR yellow]-(Channel Pear)[/COLOR][/COLOR]" thumb="http://channelpear.com/images/media/6248.png">PlayMedia(&quot;plugin://plugin.video.channelpear/?url=http%3A%2F%2Funeapple-i.akamaihd.net%2Fhls%2Flive%2F205010%2Fgrupoune_st1%40205010%2Fst1_index.m3u8&amp;mode=12&quot;)</favourite>










</favourites>