<favourites>
    
<favourite name="[COLOR red][COLOR yellow]1Channel-[/COLOR]Movies Search[/COLOR]" thumb="special://home/addons/script.1channel.themepak/art/themes/Glossy_Black/search.png">PlayMedia(&quot;plugin://plugin.video.1channel/?section=movie&amp;mode=GetSearchQuery&amp;next_mode=Search&amp;sf_options=winID%3D10025%26_options_sf&quot;)</favourite>
<favourite name="[COLOR red][COLOR yellow]1Channel-[/COLOR]Movies Search (+Description)[/COLOR]" thumb="special://home/addons/script.1channel.themepak/art/themes/Glossy_Black/search.png">PlayMedia(&quot;plugin://plugin.video.1channel/?section=movie&amp;mode=GetSearchQueryDesc&amp;next_mode=SearchDesc&amp;sf_options=winID%3D10025%26_options_sf&quot;)</favourite>
<favourite name="[COLOR red][COLOR yellow]1Channel-[/COLOR]Movies Search (Advanced Search)[/COLOR]" thumb="special://home/addons/script.1channel.themepak/art/themes/Glossy_Black/search.png">PlayMedia(&quot;plugin://plugin.video.1channel/?section=movie&amp;mode=GetSearchQueryAdvanced&amp;sf_options=winID%3D10025%26_options_sf&quot;)</favourite>
<favourite name="[COLOR red][COLOR yellow]1Channel-[/COLOR]Tv Search[/COLOR]" thumb="special://home/addons/script.1channel.themepak/art/themes/Glossy_Black/search.png">PlayMedia(&quot;plugin://plugin.video.1channel/?section=tv&amp;mode=GetSearchQuery&amp;next_mode=Search&amp;sf_options=winID%3D10025%26_options_sf&quot;)</favourite>
<favourite name="[COLOR red][COLOR yellow]1Channel-[/COLOR]Tv Search (+Description)[/COLOR]" thumb="special://home/addons/script.1channel.themepak/art/themes/Glossy_Black/search.png">PlayMedia(&quot;plugin://plugin.video.1channel/?section=tv&amp;mode=GetSearchQueryDesc&amp;next_mode=SearchDesc&amp;sf_options=winID%3D10025%26_options_sf&quot;)</favourite>
<favourite name="[COLOR red][COLOR yellow]1Channel-[/COLOR]Tv Search (Advanced Search)[/COLOR]" thumb="special://home/addons/script.1channel.themepak/art/themes/Glossy_Black/search.png">PlayMedia(&quot;plugin://plugin.video.1channel/?section=tv&amp;mode=GetSearchQueryAdvanced&amp;sf_options=winID%3D10025%26_options_sf&quot;)</favourite>


<favourite name=""</favourite>


<favourite name="[COLOR red][COLOR yellow]Genesis-[/COLOR]Movies[/COLOR]" thumb="special://home/addons/plugin.video.genesis/resources/art/gone/movies_search.jpg">ActivateWindow(10025,&quot;plugin://plugin.video.genesis/?action=movies_search&quot;,return)</favourite>
<favourite name="[COLOR red][COLOR yellow]Genesis-[/COLOR]TV Shows[/COLOR]" thumb="special://home/addons/plugin.video.genesis/resources/art/gone/shows_search.jpg">ActivateWindow(10025,&quot;plugin://plugin.video.genesis/?action=shows_search&quot;,return)</favourite>
<favourite name="[COLOR red][COLOR yellow]Genesis-[/COLOR]People (Movies)[/COLOR]" thumb="special://home/addons/plugin.video.genesis/resources/art/gone/people_movies.jpg">ActivateWindow(10025,&quot;plugin://plugin.video.genesis/?action=people_movies&quot;,return)</favourite>
<favourite name="[COLOR red][COLOR yellow]Genesis-[/COLOR]People (TV)[/COLOR]" thumb="special://home/addons/plugin.video.genesis/resources/art/gone/people_shows.jpg">ActivateWindow(10025,&quot;plugin://plugin.video.genesis/?action=people_shows&quot;,return)</favourite>


<favourite name=""</favourite>


<favourite name="[COLOR red][COLOR yellow]Stream All Sources-[/COLOR]Tv Search[/COLOR]" thumb="special://home/addons/script.salts.themepak/art/themes/Shine/television_search.png">ActivateWindow(10025,&quot;plugin://plugin.video.salts/?mode=search&amp;section=TV&quot;,return)</favourite>
<favourite name="[COLOR red][COLOR yellow]Stream All Sources-[/COLOR]Movie Search[/COLOR]" thumb="special://home/addons/script.salts.themepak/art/themes/Shine/movies_search.png">ActivateWindow(10025,&quot;plugin://plugin.video.salts/?mode=search&amp;section=Movies&quot;,return)</favourite>

</favourites>